,id,diaSemana,arribo,inicioAtencionCaja,finPedido,finPago,metodoPago,observacion
512,o1pzIp49yzu3qmR5AfCt,viernes,13:26:54.618000,"13:26:56,699","13:27:08,380","13:27:17,532",efectivo,
186,HGkM4bWI6hnnnpuWDYPz,viernes,13:16:40.605000,"13:16:50,280","13:16:59,991","13:17:23,559",efectivo,
585,w8ri1AlcTa3jmgMBNxqe,viernes,14:55:50.438000,"14:56:01,781","14:56:34,875","14:57:40,297",efectivo,
314,Tz4dyCJaAKmtrHwgPIJ7,viernes,13:35:23.584000,"13:36:40,562","13:36:55,170","13:37:33,919",efectivo,
73,7rKAfKzMmbd93GwIJzCo,viernes,13:52:37.752000,"13:52:41,177","13:52:59,928","13:53:04,995",efectivo,
114,BbQGTUmTLqUjUzTpAICE,viernes,12:50:42.376000,"12:50:45,626","12:50:49,587","12:52:01,412",efectivo,
352,ZFjpzmsMQQz2Jcupadb3,viernes,13:46:44.422000,"13:47:10,853","13:47:27,482","13:47:34,215",efectivo,
172,G4pSDThgT7NDVLWIEbYq,viernes,14:19:16.335000,"14:20:21,467","14:20:29,275","14:21:16,901",efectivo,
454,hVRpUfBNMjMppNXRZS0N,viernes,14:29:45.551000,"14:30:37,983","14:31:05,479","14:32:07,137",Tarjeta,
1,01wzdNu6gF5IeJnZhkqf,viernes,14:37:13.314000,"14:37:33,343","14:38:21,582","14:39:05,267",Tarjeta,
174,GQxpcXYX89wIReprYicZ,viernes,14:05:16.395000,"14:05:23,884","14:05:29,313","14:05:37,547",efectivo,
312,Tucst2dNbtWouafaG5hu,viernes,14:09:50.504000,"14:09:58,469","14:10:24,167","14:10:37,164",efectivo,
359,Zkj72yZa7j2cBUAKvu9s,viernes,13:14:31.266000,"13:14:32,561","13:14:39,371","13:15:00,046",efectivo,
360,ZlCdzaMz23RPfC6NaSro,viernes,13:51:04.081000,"13:51:29,714","13:51:48,901","13:51:55,294",efectivo,
591,wkPn0760V5OY3R6sA8Yc,viernes,13:46:54.244000,"13:47:15,104","13:48:09,212","13:48:38,395",Tarjeta,
474,k1LdY2WxfcXn1SJJCcTW,viernes,14:05:57.471000,"14:06:00,578","14:06:07,927","14:06:34,188",Tarjeta,
60,6O3QJR9z4l3VlNoadwZD,viernes,14:12:11.054000,"14:12:24,252","14:13:36,263","14:14:25,257",efectivo,
238,Mbs7hBZJBAifos576mp3,viernes,13:42:19.644000,"13:42:30,236","13:42:38,663","13:42:42,948",efectivo,
57,5kmVlSfsEYkxYgIZTWVK,viernes,13:19:12.549000,"13:19:18,564","13:20:11,670","13:20:14,509",Tarjeta,
539,rCu0oENuR9SiZTvEey9u,viernes,14:20:10.979000,"14:20:16,901","14:20:30,653","14:21:07,507",Tarjeta,
492,liljYDxOMrMPPAXTmsWf,viernes,13:45:10.310000,"13:45:36,179","13:45:36,984","13:45:44,765",efectivo,
51,4NUG6ryKs4i5ZYhzWzHG,viernes,13:29:36.707000,"13:29:55,864","13:30:05,381","13:30:35,709",efectivo,
597,xEgyZLqo6EyCXNjyNqhg,viernes,13:41:13.679000,"13:42:28,371","13:42:30,332","13:42:33,537",efectivo,
348,YmawxkJi2dvnWeG1F8G4,viernes,14:32:30.506000,"14:32:33,580","14:32:53,082","14:33:39,222",Tarjeta,
316,U8k9Nf3zwsSAmOscw7Xb,viernes,14:08:36.813000,"14:08:38,245","14:08:58,723","14:09:20,951",Tarjeta,
78,82NS3PKiYYo0aLoETLkU,viernes,14:56:19.431000,"14:58:28,557","14:58:53,292","14:59:36,324",efectivo,
154,EcKv1ihgP4Kf0C9g03dK,viernes,14:46:36.412000,"14:47:00,506","14:47:22,467","14:47:27,439",efectivo,
259,Or6z63305LwmfsTxqqg4,viernes,14:24:53.104000,"14:24:54,605","14:25:20,227","14:26:24,054",efectivo,
503,mjfAUd8Wqe8cknmGD128,viernes,12:44:56.743000,"12:45:02,103","12:45:11,551","12:45:12,311",efectivo,
569,tnbLMUcOl74YghWqhWqd,viernes,13:11:24.949000,"13:11:30,508","13:11:32,903","13:11:55,056",efectivo,
329,WSAkbCQDujzmxBlnzha6,viernes,13:53:16.723000,"13:53:49,983","13:54:10,676","13:54:31,728",Tarjeta,
571,tyJtAQOgIdZCOoUmeU8y,viernes,13:07:07.278000,"13:07:12,020","13:07:17,103","13:07:34,244",efectivo,
566,tZswbcqqeQFDfV6VBrqQ,viernes,13:39:12.989000,"13:39:46,733","13:40:00,310","13:40:08,839",Tarjeta,
333,Wg29dwf6Dfdk8AhfNRE5,viernes,14:10:59.414000,"14:11:35,583","14:11:39,484","14:11:58,575",Tarjeta,
573,uF0TR5vEscJuf9GfKmgh,viernes,14:19:19.588000,"14:21:20,977","14:22:12,881","14:22:55,489",efectivo,
335,XGoTEeZZyESULYQtuHwr,viernes,14:28:33.879000,"14:29:41,827","14:29:47,643","14:30:19,795",efectivo,
337,XQZsByIVB9nPwLviqjGL,viernes,14:31:47.381000,"14:32:09,235","14:32:24,636","14:32:29,366",efectivo,
495,m2t7K5lPVvJ1na7U5evg,viernes,13:33:33.713000,"13:34:06,452","13:34:20,422","13:34:26,630",efectivo,
339,XfNKTz1ZukcWWqesablR,viernes,14:55:55.412000,"14:58:04,065","14:58:07,039","14:58:23,647",efectivo,
578,uuOaI2hTOTr3L0OBh6jW,viernes,13:10:08.863000,"13:10:21,003","13:11:02,661","13:11:26,879",efectivo,La niña se puso a bailar y se tardaron mas
340,Xhc8SGTuZiDNzlUhuT90,viernes,14:32:57.523000,"14:33:52,240","14:34:07,897","14:34:25,082",Tarjeta,
580,vKZ2RkSzEVw50K15ROiv,viernes,14:39:21.643000,"14:43:29,183","14:43:59,196","14:44:05,923",efectivo,
85,8iGXugUkUUv5OQT7BDUt,viernes,14:17:42.395000,"14:17:44,118","14:18:12,931","14:18:31,110",efectivo,
461,iOLDEjIz3kDIJqCZMmHW,viernes,13:18:27.936000,"13:18:29,779","13:18:42,114","13:18:47,226",efectivo,
460,hyefUJYj9tXRIVeSc7dV,viernes,13:31:27.205000,"13:31:54,597","13:32:03,978","13:33:12,853",efectivo,
81,8aaYK8vN0lHT5SnvGAB0,viernes,14:51:06.160000,"14:52:18,041","14:52:50,737","14:53:06,953",Tarjeta,
251,NhXqC3HNyeuGECx4xE8E,viernes,13:30:13.038000,"13:30:52,266","13:31:44,525","13:32:41,876",efectivo,
479,kfmVguF0sUsp4cwatLKK,viernes,14:50:35.818000,"14:50:48,968","14:50:56,738","14:51:13,080",Tarjeta,
157,F847ERZyFrcAH17Etskd,viernes,13:33:21.808000,"13:33:31,887","13:33:42,750","13:33:59,584",efectivo,
373,bQjyyxfMtToJgocETeY2,viernes,13:28:48.998000,"13:29:09,354","13:29:29,553","13:29:33,035",efectivo,
410,e6jVzJFFvxYUR2qN08EW,viernes,14:45:01.744000,"14:46:02,599","14:46:46,271","14:46:56,288",efectivo,
400,dMcF2yEX4mg9UnJJLm6y,viernes,12:54:53.611000,"12:54:55,111","12:55:08,639","12:56:03,321",Tarjeta,
401,dMdoBMLSNjvrAGNzfUbl,viernes,13:31:31.397000,"13:33:02,219","13:33:24,527","13:33:28,039",efectivo,
22,1nOIWeJKWLuWq5rrwfmF,viernes,14:18:38.174000,"14:18:50,926","14:19:28,748","14:19:43,635",efectivo,
612,yWSlAXHD5LaGmLa0Odgm,viernes,13:59:59.568000,"14:02:37,214","14:02:49,783","14:03:09,465",efectivo,
531,qH5qwOjxGOkzVYh07xUa,viernes,13:46:37.814000,"13:46:39,262","13:47:00,132","13:47:03,983",Tarjeta,
482,ktLlEzezNKk8YDjA6G9o,viernes,13:57:52.653000,"13:58:24,685","13:58:46,000","13:58:51,645",efectivo,
614,yemCS19FEb0IMel3Xumk,viernes,14:37:45.137000,"14:39:12,177","14:39:37,903","14:39:55,237",Tarjeta,
294,SWVr6pPzUGAORaOdPSM2,viernes,14:50:49.850000,"14:51:45,696","14:52:03,701","14:52:15,775",Tarjeta,
407,dxBvj6ZIxDhSszoGuU47,viernes,14:20:07.228000,"14:23:22,458","14:23:37,054","14:23:49,077",efectivo,
408,dzgnKOgPk8tjXZgviIO1,viernes,12:19:45.382000,"12:19:53,014","12:19:56,641","12:22:17,923",Tarjeta,
12,0yJTHotGOq1JW1pKixZX,viernes,14:38:30.011000,"14:40:35,299","14:41:02,801","14:42:39,432",digital,
432,fonSgiFedD6WWb1b9xw2,viernes,14:38:39.437000,"14:42:44,557","14:43:19,762","14:43:27,159",Tarjeta,
411,e6uLGTDSu1Nr2yfsd4l5,viernes,12:38:26.864000,"12:38:30,629","12:38:45,484","12:39:13,291",efectivo,
412,e99y5QzZ3XuS886f7ded,viernes,14:28:18.159000,"14:28:40,698","14:29:10,636","14:29:40,262",efectivo,
414,eGpG9msqcdn9ZEXoZNQA,viernes,13:20:07.023000,"13:20:20,896","13:20:44,080","13:21:36,280",Tarjeta,
557,srb4kjjy524amBWjqBPd,viernes,13:57:02.302000,"13:57:55,966","13:57:58,488","13:58:21,295",efectivo,La cajera estaba haciendo helados cuando llegaron
528,pwuS99GUG48wnbm2h3dN,viernes,13:45:49.630000,"13:45:55,378","13:46:11,573","13:46:24,029",Tarjeta,
418,emSgHejNTTm9VfrMOQRQ,viernes,13:14:11.994000,"13:14:18,930","13:14:25,285","13:14:28,437",efectivo,
135,DIEwUljKnpxbDRsj5Jkz,viernes,14:36:33.185000,"14:36:56,831","14:37:27,637","14:37:28,849",efectivo,
624,zN5wijK6WcOLNIEhBvjX,viernes,13:54:31.008000,"13:54:35,293","13:54:39,312","13:55:00,648",efectivo,
420,eo3djJyV5AJJXVAhASbM,viernes,14:40:22.994000,"14:44:17,576","14:44:34,648","14:44:46,616",Tarjeta,
625,zlT71l0VMbyQeanjlDaB,viernes,14:25:56.477000,"14:26:05,479","14:26:28,691","14:26:47,483",efectivo,
447,h7FfdqkWu8mD6TNYTitU,viernes,13:51:57.036000,"13:52:09,081","13:52:43,409","13:52:50,985",efectivo,
522,pKRdWatAOIqDsuUDMYYF,viernes,12:57:57.710000,"12:58:05,511","12:58:29,953","12:58:48,286",Tarjeta,
397,d7OEJmujXYdhub1ArNCN,viernes,14:19:14.468000,"14:19:57,279","14:20:00,855","14:20:16,608",efectivo,
223,KptrXzDqHSp9ARYyij6C,viernes,12:51:57.351000,"12:52:00,054","12:52:07,138","12:53:35,778",efectivo,
187,HLe8UIkqaB1fhw2uY6zc,viernes,13:29:03.097000,"13:29:39,642","13:30:10,938","13:31:46,316",efectivo,Rechazo tarjeta
188,HcxLmSgFr1ADFuVGSuQd,viernes,13:02:42.184000,"13:02:48,571","13:02:53,530","13:03:21,451",efectivo,
603,xlrCDQxCbUOGhridFzwv,viernes,14:40:31.688000,"14:44:58,503","14:45:22,216","14:46:00,490",efectivo,
42,3N6Y15aExaYkcFm2Tp70,viernes,14:33:53.339000,"14:34:27,595","14:34:56,034","14:35:12,942",efectivo,
146,E1lfQ0kXDaQMjs4XQRek,viernes,13:41:01.087000,"13:42:04,118","13:42:05,381","13:42:19,840",efectivo,
278,Ql6s1OHNE8Z3N3wUYnzB,viernes,13:55:35.137000,"13:55:51,995","13:56:10,388","13:56:14,537",efectivo,
39,3G4KmH6zM0TJh5PxbC3z,viernes,13:16:13.445000,"13:16:42,526","13:16:43,040","13:16:46,217",efectivo,
435,fvg37S41uYpoZk1DikvO,viernes,13:32:50.776000,"13:33:22,496","13:33:31,900","13:34:58,440",efectivo,La señora que se le daño la tarjeta interrumpio por que le cobraron doble
31,2UGKnSaYJGXm8tMujOEz,viernes,12:53:06.740000,"12:53:13,432","12:53:21,663","12:54:26,916",efectivo,
129,CoalZzOtDPvh6WMnM8IJ,viernes,14:04:39.712000,"14:05:03,504","14:05:04,203","14:05:11,055",efectivo,
389,casZ8rn0ykReXUQ4OGHb,viernes,14:59:34.077000,"14:59:40,352","15:00:02,419","15:00:18,958",digital,
196,I9Q3RdSti853bfYu1fpe,viernes,13:35:07.174000,"13:36:28,405","13:36:30,323","13:36:35,974",efectivo,La cajera se puso a hacer pedidos y no ateniend
194,I3hCzEbzPlVRXcPIsBpE,viernes,14:52:40.926000,"14:53:08,516","14:53:33,392","14:53:53,426",efectivo,
264,PAtR1zE1f4lRxURR5EHw,sábado,14:46:24.384000,"14:47:50,555","14:48:03,816","14:48:12,413",efectivo,
498,mFFn1TmxZoqfv4rQMTTl,sábado,13:49:48.155000,"13:57:03,267","13:57:34,055","13:57:41,375",efectivo,
276,QTeXPoW7Luh9FcqP9B3o,sábado,14:33:42.077000,"14:35:29,121","14:35:55,771","14:36:03,975",efectivo,
275,QN9lXnZwDcw3fZwVZyc5,sábado,14:48:28.739000,"14:51:05,376","14:51:13,084","14:51:35,340",Tarjeta,
266,PDAyojrwbp5AnX04UkfB,sábado,12:24:13.963000,"12:24:18,049","12:24:24,888","12:24:35,871",efectivo,
267,PUlvXIew1PKB4uefYPjH,sábado,13:55:06.390000,"14:02:50,211","14:03:02,272","14:03:18,516",efectivo,Eran viejitas entonces me movieron lento de la fila
284,RjFS1xt6dN8yj6hZaU77,sábado,14:03:33.560000,"14:03:35,578","14:04:09,603","14:04:09,855",efectivo,
273,Q0SAIC0GQLIHO1864kpM,sábado,11:47:26.715000,"11:47:51,474","11:47:59,750","11:48:20,956",Tarjeta,
494,lnFOqdhevRvq3Gr5ZfMQ,sábado,14:10:42.287000,"14:12:30,233","14:12:47,135","14:12:56,113",efectivo,
286,RsVqrsnj2Zl3kGjApw6I,sábado,12:40:41.918000,"12:42:14,985","12:42:52,212","12:43:12,573",Tarjeta,
485,l5ONO0tCin8vDhRDeQsL,sábado,13:44:51.136000,"13:49:12,405","13:49:32,652","13:50:35,626",efectivo,Se trabó el sistema al momento de subir el pedido 
490,lVV8E4rWP0xkEwWvkJ1m,sábado,14:48:39.241000,"14:51:38,725","14:52:03,753","14:52:19,379",Tarjeta,
280,QmwnXOdhWTECBgoLNcKR,sábado,12:03:15.223000,"12:03:19,120","12:03:46,664","12:04:01,001",Tarjeta,
313,Tx33s47He11sFs7tn6At,sábado,14:13:23.396000,"14:13:48,214","14:13:55,367","14:14:16,715",Tarjeta,
509,nlcxMIF8FqwmPQ8oxItM,sábado,13:45:00.504000,"13:50:39,927","13:51:19,095","13:53:53,465",bono,"Explicación de los helados por la cajera, el datáfono se volvió a dañar y tenían problemas para pasar el bono"
499,mIGjYE2JOvv1p7EmPFon,sábado,14:34:16.278000,"14:36:08,338","14:36:16,449","14:36:29,969",Tarjeta,
257,OS1uPf2OoW7Si9QHBrhO,sábado,13:55:03.076000,"13:56:00,148","13:56:14,175","13:56:25,381",efectivo,
423,ewiFoEytTJQyrFhWnDqv,sábado,14:05:52.159000,"14:06:39,145","14:06:56,967","14:06:59,022",efectivo,Cajera en cocina
212,JUoyqBem8730ohLoJEzq,sábado,12:04:10.726000,"12:05:05,650","12:05:16,994","12:05:22,647",efectivo,
525,plnlIJucr5z6rtoZtGPD,sábado,12:01:35.578000,"12:01:51,230","12:02:28,266","12:02:57,432",efectivo,
214,Jx8oKvzWVJhbiGhE5xva,sábado,14:17:19.247000,"14:17:58,759","14:18:15,295","14:18:59,442",Tarjeta,
524,pkhuJ3qXcAJrbvxNIlSj,sábado,13:26:26.487000,"13:27:52,000","13:28:12,831","13:28:49,957",Tarjeta,
218,KbmGE7TAkpY2aMisNzPk,sábado,14:09:42.415000,"14:10:22,463","14:10:39,799","14:10:50,188",bono,
221,KoISZs4iQgo1lWYr8mrG,sábado,12:11:45.263000,"12:12:32,075","12:12:40,577","12:12:53,167",Tarjeta,
222,KpWz6FzF3useQwJT4hRR,sábado,14:20:07.215000,"14:22:07,430","14:22:17,337","14:22:54,914",efectivo,
519,otKDvdBgZ6GEMbBCvxcJ,sábado,12:49:33.477000,"12:53:42,055","12:53:55,556","12:54:03,954",efectivo,
227,LHNU8IK31uxqtuL8ejMj,sábado,14:32:54.308000,"14:34:27,812","14:34:35,454","14:35:07,974",efectivo,
230,LhtYow2cRWgaPsbRw4Ox,sábado,13:51:10.183000,"13:51:12,951","13:51:15,791","13:51:48,141",efectivo,
513,oYrdIaZadtCXhu0Nt5fk,sábado,11:55:28.296000,"11:55:51,475","11:56:05,447","11:56:24,983",Tarjeta,
233,LyC08T6NdvMCSJb5o4R3,sábado,13:07:54.435000,"13:10:56,753","13:11:46,527","13:12:38,678",Tarjeta,Se volvió a trabar el datáfono 
235,M2GGJ71rn15nHYpUrDzU,sábado,13:25:24.927000,"13:25:26,360","13:26:48,383","13:26:58,241",Tarjeta,Cambiaron su pedido como 3 veces
236,MGLzGzAY3g8Rb7avvOf3,sábado,12:43:49.360000,"12:44:29,436","12:45:06,712","12:45:08,033",Tarjeta,Se quedaron viendo la carta antes de pedir 
237,MV2t6QXvO7mA0E1G7ln9,sábado,13:38:37.165000,"13:42:16,886","13:42:46,677","13:43:11,543",efectivo,
240,MgOpYuUU7vTklAGS0asc,sábado,12:50:04.885000,"12:55:45,020","12:55:52,633","12:57:01,560",bono,
510,no6ZxdzgbP7xQQPvpRvQ,sábado,13:28:10.247000,"13:30:52,257","13:31:12,889","13:31:47,145",Tarjeta,
242,N2U9sPShPayCClCyCCzp,sábado,13:01:44.633000,"13:06:16,945","13:07:02,206","13:07:05,509",Tarjeta,
243,N3kZPp5slRE3HFnXRRsA,sábado,13:52:02.416000,"13:59:50,457","14:00:08,103","14:00:24,446",efectivo,
289,S1ksT6odOL26qxHO3a1j,sábado,14:28:57.971000,"14:29:59,757","14:30:04,787","14:30:08,171",efectivo,
245,N7xNYQKHiCkpc0ZUF86h,sábado,14:59:35.497000,"15:04:49,634","15:05:19,784","15:05:26,770",Tarjeta,
507,nZfiJdZf8lMiYmpsQbOq,sábado,14:58:49.661000,"15:03:44,532","15:04:08,807","15:04:35,774",efectivo,"Nuevamente la cajera se fue, y llegaron como 5 a la vez, justo 1 minuto antes de las 3, dioooossssss, donde esta  la cajeraaaaaaa"
506,nYJzf3JWRGTPElKbNRGt,sábado,14:28:05.911000,"14:29:35,683","14:30:25,118","14:30:49,176",efectivo,
250,NYpNFs3PbLStKW8kSkjE,sábado,14:24:25.534000,"14:26:08,295","14:26:41,937","14:26:50,794",efectivo,
252,NkI5VzI54FrowxClp9Br,sábado,13:43:37.842000,"13:46:51,311","13:47:04,308","13:47:19,416",efectivo,Cajera en cocina 
254,NqYcN59NgPw1j1MYvKvw,sábado,11:59:04.190000,"11:59:05,817","11:59:13,597","11:59:32,180",Tarjeta,
255,O2iG5DTCvMmKizFrH0fB,sábado,12:49:52.620000,"12:54:06,798","12:54:35,887","12:55:43,145",efectivo,
256,OFdD9V4OcoadIhp1tWjW,sábado,14:28:02.744000,"14:28:36,821","14:28:44,445","14:29:06,394",efectivo,
288,S1Irs59Tglkyx3qrLQO0,sábado,12:48:17.389000,"12:48:20,658","12:48:26,027","12:48:53,597",efectivo,
323,VdXCNlYOZxFdxFuuieWG,sábado,12:39:20.299000,"12:40:23,079","12:41:09,222","12:41:39,594",efectivo,
291,SGAjJX1clcj2totrtQvk,sábado,13:47:02.103000,"13:48:01,653","13:48:15,370","13:48:17,490",efectivo,
450,hL90Cg70YgxMjEYJtxvW,sábado,13:42:21.004000,"13:43:50,523","13:44:09,697","13:44:23,741",Tarjeta,
381,bjIBxAD3gZadOogT0v5k,sábado,13:34:11.994000,"13:38:28,021","13:38:40,650","13:38:54,179",efectivo,
442,ggcM7zeNPwRK1emfRJHw,sábado,12:13:10.043000,"12:13:29,007","12:13:31,529","12:13:38,648",efectivo,
372,bNWjliF7xwCKBBdtayHp,sábado,14:45:04.287000,"14:45:23,462","14:46:01,668","14:46:19,439",Tarjeta,
449,hD7AsYXtnPm1S8HrbfMt,sábado,13:27:45.228000,"13:28:54,042","13:29:17,750","13:29:30,957",Tarjeta,
370,b9CXiWdyrITRR2FPKB0k,sábado,13:40:40.830000,"13:41:31,152","13:41:43,212","13:41:49,398",Tarjeta,
369,b1aykMsnhtzC9jXQSaKd,sábado,14:36:33.310000,"14:37:09,180","14:37:27,140","14:37:34,259",efectivo,
366,ak85UTfqz13W15PXr8ef,sábado,13:20:13.749000,"13:20:59,594","13:21:12,555","13:21:38,695",efectivo,
441,gfe0Zydz3k3TJIH9382Q,sábado,12:50:37.443000,"12:57:16,236","12:58:08,012","12:59:03,927",efectivo,
365,ajJ958Q3VnqIpuuuu83o,sábado,14:06:51.040000,"14:07:02,359","14:07:24,856","14:08:11,516",efectivo,
364,ahTj95PMMEMaTbjqq7gQ,sábado,14:30:49.943000,"14:31:33,077","14:31:15,731","14:31:59,466",efectivo,
363,aeqF9aFIQXuMmOEVYwKC,sábado,12:48:36.916000,"12:49:09,595","12:49:35,679","12:51:32,492",Tarjeta,
452,hTTCti77dnkEszuSNTHe,sábado,13:21:03.791000,"13:21:31,163","13:21:46,777","13:22:03,120",efectivo,
361,aCtOaw0CGtQlFkmwu1DY,sábado,12:13:35.511000,"12:13:44,867","12:13:52,578","12:14:22,512",Tarjeta,
358,Zi6LRaprm7Zb26i1S3aa,sábado,13:56:45.015000,"13:56:53,956","13:57:04,898","13:57:31,433",efectivo,
382,blzEXg39cSaSLjGgC6s6,sábado,14:22:41.937000,"14:22:59,369","14:23:11,460","14:24:09,704",efectivo,
384,byX6dTUSCBZqTsbICr31,sábado,12:59:00.631000,"13:02:58,844","13:03:35,215","13:06:09,040",Tarjeta,Se acabó el papel del datáfono 
483,l0twmRubOXi01LRDhaEP,sábado,13:03:06.464000,"13:08:38,623","13:09:22,725","13:09:33,318",Tarjeta,"El niño ya había pedido un helado pero no le gustó, entonces lo botó y pidió de nuevo :("
430,fmDmbJJSd0daumO1XpYP,sábado,12:29:36.550000,"12:32:21,493","12:33:01,573","12:33:24,843",efectivo,
426,fBxtODZlFdxECH1TfGTo,sábado,12:04:12.498000,"12:05:29,036","12:05:34,853","12:05:40,458",efectivo,
417,ea1BBiqXiY8XyTenY8Pi,sábado,13:32:43.510000,"13:35:56,538","13:36:10,382","13:36:42,102",efectivo,
415,eT8anTWunJlfoHiKV2Zk,sábado,14:44:02.344000,"14:44:09,569","14:44:14,172","14:44:35,065",efectivo,
409,e12O8kdmWoIHXtzYRtiM,sábado,13:11:03.841000,"13:11:13,204","13:12:49,485","13:13:32,149",Tarjeta,
406,duReiJd2JLXDP229xK1d,sábado,14:28:04.460000,"14:29:09,577","14:29:24,342","14:29:33,999",efectivo,
405,daSojTAdNUJG05IgmjRd,sábado,14:41:18.967000,"14:41:35,240","14:41:49,640","14:42:17,935",efectivo,
399,d8RSMOXt1qcYUhlRgA3Y,sábado,15:00:11.356000,"15:05:51,663","15:05:58,049","15:06:21,517",efectivo,
439,gN2fvnOEtu7K7Veorqg8,sábado,14:18:05.266000,"14:19:03,147","14:19:22,226","14:19:37,137",Tarjeta,
396,d4fnRd2HTsWhN3ExFlta,sábado,13:19:51.785000,"13:19:52,038","13:20:39,271","13:20:54,602",efectivo,
395,d2rRnBCDeFpZPMjJQLmE,sábado,14:48:01.858000,"14:49:45,619","14:49:55,810","14:50:07,041",efectivo,
394,d22pEbYKJycZzug2W4oY,sábado,14:59:45.334000,"15:05:30,551","15:05:41,575","15:05:48,286",Tarjeta,
436,g8GrmkejhVDkfW5xO3Lh,sábado,13:33:45.732000,"13:37:36,025","13:38:08,078","13:38:21,957",Tarjeta,
437,gC2TBzIb7qSxpY3wjsTm,sábado,12:01:08.102000,"12:03:10,524","12:03:22,055","12:03:27,545",Tarjeta,
438,gHFECzFkO1U02J9kNnzs,sábado,13:42:18.475000,"13:43:22,302","13:43:33,176","13:43:45,386",efectivo,
357,Zi5foABKVOcmtLN4tWNH,sábado,14:14:25.637000,"14:14:58,128","14:15:09,869","14:16:16,708",Tarjeta,Datáfono se dañó
356,Zfiv6Txe9c2SjG06SwsX,sábado,12:12:34.945000,"12:13:05,508","12:13:17,767","12:13:23,837",efectivo,
353,ZGVeiNm6y0nK8OiZDCQr,sábado,13:35:16.922000,"13:35:19,053","13:35:33,865","13:35:37,823",efectivo,
478,kfi0OL7UsQooSV6gHZkM,sábado,11:38:53.556000,"11:39:34,823","11:39:42,418","11:40:03,685",Tarjeta,
469,jFCeIG4JuBugASdhGMCI,sábado,13:30:05.014000,"13:30:16,676","13:30:27,431","13:30:59,626",Tarjeta,
470,jXozFNdWnKR2qS0wCRxr,sábado,14:42:47.561000,"14:43:15,303","14:43:25,838","14:43:34,707",Tarjeta,
308,TYG9sIAfLzCfRWhGCI6I,sábado,13:27:50.417000,"13:29:39,058","13:29:47,269","13:29:49,117",Tarjeta,
475,k5hxF9ugue43wkAiSMZx,sábado,13:47:14.195000,"13:53:57,226","13:54:10,221","13:54:23,077",efectivo,
476,kYHwksMXe0TqwWJmaGbf,sábado,12:55:18.445000,"12:55:21,246","12:55:56,857","12:56:30,218",bono,
477,kdSo6ZhvjzWRL0GfghgG,sábado,13:35:23.176000,"13:35:44,995","13:36:48,623","13:36:58,432",efectivo,Le cajera explicó toda la carta
302,T5PBOAmEd1pAye9bWoJT,sábado,13:24:40.045000,"13:24:44,848","13:24:55,260","13:25:04,948",Tarjeta,
455,hWcUr9rDRzLWm6IfTxpg,sábado,12:58:51.594000,"13:00:21,780","13:01:04,057","13:02:56,523",efectivo,La cajera se demoró porque estaba apoyando en cocina
480,kiM9k4WK4UYWqht7yTfZ,sábado,12:27:17.693000,"12:28:47,763","12:29:26,936","12:31:00,601",Tarjeta,
300,SrL0ITHq98LzxDM7r9Kj,sábado,13:16:12.597000,"13:16:46,036","13:17:36,221","13:17:41,042",efectivo,
298,ShOTr7gQHgHvWUJMarpG,sábado,14:09:19.183000,"14:10:57,494","14:11:33,527","14:11:51,758",Tarjeta,
297,SenlQppFcHMmKXb3piOE,sábado,12:03:04.360000,"12:04:02,753","12:04:16,912","12:04:49,798",Tarjeta,
296,SasjimhVmfcsKhuaOlj9,sábado,14:46:39.198000,"14:48:56,790","14:49:07,092","14:49:34,187",Tarjeta,
293,SV0hKJV4QxOjUZGYgweC,sábado,14:09:57.301000,"14:11:55,758","14:12:05,587","14:12:23,955",Tarjeta,
319,UQgaEiqbxRpYFAxlYV3Y,sábado,13:38:23.137000,"13:38:37,815","13:38:46,498","13:38:52,576",efectivo,
468,j7Z3dCZhdxMXZf9NTC4j,sábado,12:56:59.212000,"12:59:09,789","12:59:23,688","12:59:55,067",Tarjeta,
321,VOqAK7PvvT0EFfPD7jvy,sábado,14:32:52.988000,"14:33:59,879","14:34:03,785","14:34:23,764",efectivo,
322,VTCmfwEUFVvmTtTPsyHD,sábado,12:14:13.640000,"12:14:27,281","12:14:53,048","12:15:07,925",efectivo,
209,JFcWpwUI8nAnG77c9nVH,sábado,14:32:46.400000,"14:33:11,308","14:33:27,207","14:33:44,171",efectivo,
324,VhfZS6zwSCVsINb419fJ,sábado,12:22:05.793000,"12:22:15,509","12:22:25,736","12:22:46,381",efectivo,
467,j5yjN0HZQqzNhQ0kOMpL,sábado,13:17:26.713000,"13:18:29,527","13:18:52,944","13:19:18,745",efectivo,
327,W8L0lvJk3Bi8wbNNnCMj,sábado,14:07:33.572000,"14:08:45,062","14:09:04,832","14:09:31,058",Tarjeta,
328,WAPOCh4pBvVUgiYY4k1w,sábado,14:39:26.631000,"14:39:34,282","14:40:12,251","14:40:35,975",efectivo,
465,isH6JhfpHLmI7VGA1rgz,sábado,13:54:46.224000,"14:01:38,231","14:02:21,263","14:02:47,494",Tarjeta,
332,WcX1yyDIwAZSPSehXVjz,sábado,14:05:45.095000,"14:05:46,327","14:05:49,810","14:06:02,021",efectivo,
336,XLrCXeOGohPZukRTWJ3M,sábado,14:51:33.017000,"14:52:51,557","14:53:01,104","14:53:17,892",efectivo,
341,Xrshrviqm5iJGZdRLeL6,sábado,14:07:40.484000,"14:09:00,463","14:09:05,642","14:09:12,132",efectivo,
344,YEXN1bZSbVQAnSQHZbva,sábado,14:40:39.943000,"14:40:48,501","14:41:09,755","14:41:29,362",Tarjeta,
459,hxYES5nbd3vZSeYE6Urt,sábado,14:42:24.391000,"14:42:30,528","14:42:38,574","14:42:50,364",Tarjeta,
347,YafMFiwCihdR5DGVrV3h,sábado,14:24:48.671000,"14:24:50,624","14:24:52,503","14:25:03,307",efectivo,
456,heIrRnw2GJUs9WMdViz1,sábado,14:09:15.713000,"14:10:17,091","14:10:36,889","14:10:52,556",efectivo,
210,JHOPB1LCLeRGIgqSf0W8,sábado,12:35:43.673000,"12:35:44,978","12:36:06,541","12:36:46,617",Tarjeta,
211,JLFMcmtmldqLxiPNVo6R,sábado,12:08:33.296000,"12:10:53,576","12:11:08,575","12:11:21,199",Tarjeta,
424,f2I6YnNZvdmRuFXkx7r6,sábado,12:33:40.483000,"12:33:55,449","12:34:33,901","12:34:40,872",Tarjeta,
128,CfsS1nlvkC8LZofye93V,sábado,12:41:49.141000,"12:43:15,801","12:44:08,724","12:44:12,263",Tarjeta,
207,IyHe4wyfQUHVH4nKVKsQ,sábado,14:48:26.525000,"14:50:18,546","14:50:48,052","14:51:01,239",Tarjeta,
113,BaNdHBtER04kMC8DJz84,sábado,13:17:14.521000,"13:17:43,043","13:18:17,055","13:18:26,177",Tarjeta,
115,BjcqXWiEPQNpdKUhUdnP,sábado,13:49:22.541000,"13:54:26,943","13:54:52,361","13:59:47,057",Tarjeta,"La señora cogio el datáfono y lo manipuló ella, no la cajera y aparte se volvió a dañar jajajaja. Se dañó una segunda vez y la señora terminó pagando después mientras llamaba a alguien "
117,C4jaMWBFv4bWyQXqab1L,sábado,13:08:53.230000,"13:12:46,262","13:13:19,883","13:13:33,328",efectivo,
118,C4nLjSdlCnVX2W0TzzCn,sábado,13:13:17.366000,"13:14:31,044","13:14:46,138","13:15:02,200",Tarjeta,
562,tMxC0CUEywJXvLBp7ya6,sábado,14:34:32.996000,"14:36:36,038","14:36:45,502","14:37:04,647",Tarjeta,
120,CNR6I74ofFHGRPXp8fgD,sábado,13:14:02.288000,"13:14:36,862","13:14:45,420","13:14:58,902",efectivo,
121,CSrXbOed9xALaLMejDfI,sábado,14:16:35.824000,"14:16:37,061","14:16:42,970","14:17:25,424",Tarjeta,
122,CTADy7klCX0IwspsQcJE,sábado,14:44:18.872000,"14:45:02,966","14:45:07,913","14:45:17,803",Tarjeta,
44,3Tawoq687kmGkcKDDNz6,sábado,13:30:43.006000,"13:31:52,134","13:32:06,010","13:32:33,097",Tarjeta,
125,CYlgSMewZT82QB9dOf4F,sábado,13:01:32.293000,"13:01:55,253","13:02:43,502","13:03:15,898",Tarjeta,Hay tres en cocina. Al parecer se daño el datafono
126,CfNTGnv0aYlV7FmNbZjc,sábado,14:06:22.227000,"14:07:32,969","14:08:31,668","14:08:39,361",efectivo,
41,3M7TJn8o0HbaRbcOOlh1,sábado,11:35:12.475000,"11:36:15,269","11:36:34,741","11:37:08,183",efectivo,Hay dos en cocina
127,CfcbL08jTXOeP4fFLPrp,sábado,14:38:09.671000,"14:38:19,871","14:38:37,863","14:39:22,601",efectivo,
559,sz3vnTypMXyOYMscrrXR,sábado,14:15:17.971000,"14:15:19,797","14:15:38,085","14:15:44,653",efectivo,La cajera le esta
565,tYymxJ8985QfM2YCVnmY,sábado,13:13:13.601000,"13:13:59,826","13:14:15,304","13:14:28,410",efectivo,
558,stSCrNSwNLDJ01bvqcLj,sábado,14:25:53.369000,"14:26:53,911","14:27:02,603","14:27:18,579",efectivo,
132,D5eMFbQXFnZNLO0dmyyy,sábado,13:21:22.243000,"13:22:08,710","13:22:45,148","13:22:46,723",Tarjeta,El perro de la cliente casi hace caer al siguiente cliente 
133,D6yEwD3zgewWscm4C8T7,sábado,12:37:54.956000,"12:37:57,376","12:38:09,637","12:38:21,183",efectivo,
556,spt2Aqb0vHpUDbnQKT9j,sábado,13:05:10.617000,"13:09:36,886","13:09:40,490","13:09:58,616",Tarjeta,
137,DOdTbBLdSSrImBCzBxjq,sábado,12:13:29.767000,"12:13:31,821","12:13:46,041","12:14:21,625",efectivo,
604,xuIWldpyrD30fTQtNc61,sábado,13:42:00.857000,"13:42:09,416","13:42:26,210","13:42:34,932",Tarjeta,
138,DSnerjmuG2IL4U3tLkrM,sábado,12:52:18.029000,"12:52:45,783","12:53:03,380","12:53:29,219",Tarjeta,
555,soZrprhKAdZHyISHMP2N,sábado,13:20:46.075000,"13:20:58,854","13:21:06,846","13:21:27,960",efectivo,
140,DeYzeaWu1a1b1vZI9vwZ,sábado,13:34:44.146000,"13:34:59,045","13:35:05,298","13:35:08,196",efectivo,
38,3DudsJbOEibJZq3esEvj,sábado,14:49:48.294000,"14:52:22,669","14:52:42,400","14:52:47,509",efectivo,
36,32hrMrZnJMqtCSAtS3Hp,sábado,13:22:11.054000,"13:23:07,776","13:23:42,398","13:24:10,934",Tarjeta,
35,2zNL8PaWYfzkERNuCLGd,sábado,12:51:41.290000,"12:52:13,559","12:52:37,930","12:52:42,416",efectivo,
143,DnOgM7hWvFMhcZDCKFoi,sábado,13:32:53.880000,"13:33:55,332","13:34:05,622","13:34:18,460",efectivo,La cajera se demoró por estar en cocina
552,sYaTmLyKvTvxJaOvixqj,sábado,14:16:32.836000,"14:17:11,321","14:17:25,368","14:17:52,337",efectivo,
111,BQS8MRQfmfchDRpeIiG5,sábado,14:08:58.842000,"14:09:46,771","14:10:06,167","14:10:17,358",efectivo,
109,BJQqwgpwEMJvsyZ2ynt6,sábado,12:11:24.164000,"12:11:30,487","12:12:15,860","12:12:16,817",Tarjeta,
34,2Xlgz810hYTS4RYrQo4n,sábado,13:10:44.363000,"13:13:38,722","13:13:50,937","13:13:54,606",Tarjeta,
581,veddK4v3T6nJwgbNl9p9,sábado,13:34:30.375000,"13:34:41,426","13:34:51,172","13:34:52,923",Tarjeta,
67,72jBwfqC1YDXnhnJX3V4,sábado,13:59:14.941000,"13:59:28,498","13:59:57,959","14:00:56,177",efectivo,Cajera en cocina
68,7AmlajTaQZZVU3Culasu,sábado,14:21:02.944000,"14:21:07,563","14:21:12,903","14:21:37,250",efectivo,La señora se coló 
61,6PQM22NKP8xekpo2GebQ,sábado,14:02:06.738000,"14:03:32,180","14:03:45,183","14:04:04,902",Tarjeta,
587,wPLodKCSODgpm5yxFG6j,sábado,12:00:45.041000,"12:00:52,563","12:01:26,995","12:01:46,349",efectivo,
586,wNZyB1HfXiXLQG6ZVdUw,sábado,14:06:15.269000,"14:07:01,707","14:07:06,598","14:07:29,187",efectivo,
71,7WaJy4lx4BucuPJPAMwF,sábado,14:46:28.234000,"14:48:31,129","14:48:47,639","14:48:52,992",efectivo,
72,7h1edOwqGScqqJRVUTIr,sábado,13:29:27.942000,"13:29:29,639","13:29:39,716","13:30:13,021",efectivo,
74,7uvngesv7HPe6KLSsqs6,sábado,15:00:12.953000,"15:06:57,046","15:07:05,630","15:07:25,542",efectivo,"Ya, aqui corto por hoy"
59,6DRRWSTJF288YyGuRj7l,sábado,13:34:02.148000,"13:34:23,600","13:34:33,690","13:34:37,396",efectivo,
594,wy9CQctV9t4NVzJcqBtA,sábado,14:01:06.669000,"14:01:18,176","14:01:24,569","14:02:06,830",Tarjeta,
55,57eZHUidYZW3cdsxrvD5,sábado,13:34:48.392000,"13:40:21,289","13:40:30,761","13:41:28,637",efectivo,Se pusieron a contar monedas
79,8CPClS3eSedMddKmW7Vk,sábado,11:34:20.385000,"11:34:28,408","11:34:41,407","11:35:03,161",Tarjeta,
80,8XG94MZh7Wn7OnE2H1iB,sábado,14:28:32.143000,"14:29:00,196","14:29:24,789","14:29:31,362",efectivo,
582,vfzlKn5N5TaSYh831SxS,sábado,14:53:40.308000,"14:55:18,679","14:55:35,691","14:55:46,094",efectivo,"No se a donde se fur la cajera, la cola no avanza por un rato, parece que se habia quedado sin sencillo"
84,8gHzlD3weqndgC5ZtspW,sábado,13:32:08.027000,"13:34:54,225","13:35:27,816","13:35:52,967",bono,La señora de caja estaba en cocina 
107,AkbN09pxuoVLQoT9IiPY,sábado,13:28:01.686000,"13:29:50,549","13:29:56,920","13:30:47,943",Tarjeta,
595,x3Ir4fo7NvkOoQDa3BXb,sábado,13:40:03.667000,"13:40:21,421","13:40:42,698","13:41:00,363",efectivo,Cajera estaba en cocina
52,4WAqOpuUD2TBnlnuvr7K,sábado,13:53:52.118000,"13:54:07,580","13:54:49,811","13:54:59,169",efectivo,
575,uLfk8JTj9ACQC01WkSNX,sábado,13:51:53.042000,"13:57:44,210","13:58:30,357","13:59:24,526",efectivo,
94,9dBUqNCtNYwHjzusIyPo,sábado,13:53:15.095000,"13:53:17,497","13:53:35,874","13:54:02,297",efectivo,
572,u2hJOhJoVnt3x0VlaeBc,sábado,12:42:04.150000,"12:44:14,073","12:44:25,471","12:44:50,662",efectivo,
600,xOyjjzoH8QzK47RXlH46,sábado,14:45:29.472000,"14:46:25,423","14:46:30,860","14:47:42,098",efectivo,La cajera fue a buscar una bomba para el niño
96,9qpu6Pxi2GeIFBZt0lhj,sábado,12:27:14.007000,"12:27:15,735","12:27:23,797","12:27:46,785",efectivo,
570,tr4QWAXnZU56omRx42ON,sábado,12:19:06.686000,"12:19:08,947","12:19:17,904","12:19:37,275",Tarjeta,
100,A9y1R1hpSf2wuJ8RnvnS,sábado,14:07:03.649000,"14:08:17,310","14:08:51,747","14:08:55,753",efectivo,
101,ADayTdowpmDsEhx99K3N,sábado,13:14:11.209000,"13:15:02,797","13:15:22,517","13:16:39,020",efectivo,Cajera tuvo que buscar vueltas 
102,ANRTn0JptCkkgJG6Vv68,sábado,13:34:20.439000,"13:38:58,145","13:39:06,718","13:39:24,365",efectivo,
568,tnakYs96BJv7EMPN5b3f,sábado,12:13:53.823000,"12:14:25,955","12:14:30,357","12:14:46,220",efectivo,
104,ASPl0jMPrtwlsUVbmoRe,sábado,13:18:34.557000,"13:20:40,547","13:20:52,508","13:20:57,860",efectivo,
105,AShHEfYRd0UEvKSJQfo5,sábado,13:34:51.173000,"13:41:34,195","13:42:04,313","13:42:12,574",efectivo,
145,DzGAnG5inLYHoJguWXfX,sábado,13:45:33.841000,"13:46:22,115","13:46:42,372","13:47:56,196",efectivo,"La cajera estaba en cocina, se pusieron a buscar monedas "
553,sepSl2f1RTfseB1WGFec,sábado,12:56:43.428000,"12:56:47,510","12:57:25,871","12:57:35,290",efectivo,Ya estaban comiendo helado y vinieron por más helado D:
551,sVt7U3gOVorYSa4bc8RN,sábado,13:37:25.082000,"13:37:25,913","13:37:47,264","13:38:35,063",Tarjeta,
24,1s3SH0MpaKWET8nMgcS2,sábado,13:13:06.632000,"13:13:56,933","13:14:04,687","13:14:33,915",Tarjeta,
543,rM2wRAIzZfKZ6aCYK1gN,sábado,13:01:58.364000,"13:07:08,672","13:08:13,742","13:08:35,687",Tarjeta,Pedido de 7 personas
23,1qo668xGA89UB1LM9FF8,sábado,12:06:47.407000,"12:09:29,103","12:09:35,340","12:10:08,984",efectivo,Se demoró porque la cajera estaba apoyando en cocina 
171,G0wbH2TBWiolZX4xJkZa,sábado,12:49:53.208000,"12:51:45,271","12:51:48,290","12:51:53,426",Tarjeta,
148,ENm4uOqmbZXHDN37mAVS,sábado,14:25:54.983000,"14:27:23,902","14:27:41,294","14:27:59,626",Tarjeta,
176,GbSvodf9bJI5Iii7PKxj,sábado,13:21:41.771000,"13:22:54,712","13:23:17,829","13:23:32,661",Tarjeta,
177,GfsrPv5QloxBft8T9f2z,sábado,14:24:05.607000,"14:24:08,000","14:24:27,402","14:24:42,849",efectivo,
19,1T0J0uXVXiHy1cJP4cyJ,sábado,14:14:04.598000,"14:14:30,036","14:14:41,145","14:14:51,158",efectivo,Cajera en cocina
179,GhZpwvNtJWDRYFpNHcIV,sábado,13:23:52.427000,"13:23:57,595","13:24:09,724","13:24:23,150",efectivo,
181,H0aiiQKC6uRXUS7sxewO,sábado,13:20:44.852000,"13:21:53,537","13:22:34,771","13:23:02,725",efectivo,
17,1Hyc9te0Sg2HgWNeFaqk,sábado,13:54:18.941000,"14:00:26,595","14:00:50,192","14:01:28,450",efectivo,
183,HDZOLOliYVfihJ1ueFhJ,sábado,12:19:10.633000,"12:19:15,637","12:19:22,710","12:19:35,329",Tarjeta,
616,z5ZcGoZszA8zZ7kAJWse,sábado,14:22:43.725000,"14:24:13,010","14:24:27,185","14:24:38,627",efectivo,
189,HkYBb1IMKK1Ew2fTcUIO,sábado,14:14:20.399000,"14:14:22,294","14:14:34,013","14:14:41,653",efectivo,
14,19aHprh87YTWRljmm6n3,sábado,14:25:56.450000,"14:28:02,160","14:28:13,971","14:28:30,330",Tarjeta,
535,qeYEUzJHtP8CszoILSiI,sábado,14:19:50.448000,"14:21:45,679","14:21:56,522","14:22:04,525",efectivo,
618,zBh0KpkJK4kNDp7TXP0b,sábado,11:59:25.989000,"11:59:44,715","12:00:01,950","12:00:18,968",Tarjeta,
10,0m3ne6XhAutI2ofa54gb,sábado,13:33:38.905000,"13:36:46,819","13:37:10,985","13:37:30,735",Tarjeta,
192,HrzK0W8CsOm4crUcjWia,sábado,12:05:59.851000,"12:06:02,480","12:06:25,078","12:06:42,943",Tarjeta,
193,I0aTKFsx7qxjPRymooJ0,sábado,13:54:20.328000,"13:55:10,032","13:55:50,326","13:55:56,827",Tarjeta,
195,I6pV2VT588P4exiHQXId,sábado,13:17:05.334000,"13:19:32,685","13:19:41,272","13:19:52,681",Tarjeta,La cajera se demoró por estar en cocina 
197,IBqENdIHFGvoKIoeUdE1,sábado,12:49:04.591000,"12:52:32,471","12:52:53,697","12:53:40,223",Tarjeta,Tres en cocina
532,qKwv7hBpEy5UuxRVYrod,sábado,11:50:25.605000,"11:50:47,695","11:51:10,761","11:51:32,418",efectivo,Segundo sabado
622,zJezqyB9bgP4Osix7nfZ,sábado,12:40:23.650000,"12:41:41,565","12:41:57,791","12:42:12,952",Tarjeta,
623,zL0wggXkCjO0jjqFYNS3,sábado,14:05:48.085000,"14:06:09,595","14:06:37,489","14:06:56,212",efectivo,
202,IaJtEWv0Qf3cquyPcbF3,sábado,12:52:27.790000,"12:53:31,353","12:53:40,660","12:54:04,493",efectivo,
3,04TaWTyYlwHFb1W50Hiq,sábado,14:36:34.923000,"14:37:40,323","14:37:44,665","14:38:01,070",efectivo,
204,IhhFN49F4cV8520wlXvY,sábado,13:05:34.865000,"13:10:22,516","13:10:38,510","13:10:51,953",Tarjeta,
544,rNot0R9pDHKy3CaRajse,sábado,12:06:27.124000,"12:08:59,281","12:09:02,299","12:09:04,482",efectivo,Se demoró la atención porque la de caja estaba apoyando en cocina 
613,ycPLnKUePtMQCdITrIIO,sábado,12:14:44.612000,"12:15:13,197","12:15:29,723","12:16:10,692",efectivo,Una bebé estaba llorando porque no quería hacer fila kajajaja
168,FoRG91Z36s3ijM0hLH9L,sábado,13:40:35.890000,"13:41:03,448","13:41:14,689","13:41:25,816",efectivo,
548,s3VhWCx2ckQiiPXWkiO6,sábado,12:42:37.930000,"12:42:40,414","12:42:48,645","12:42:50,579",efectivo,
149,EO6cg56iXyGRlZBLbKb5,sábado,14:27:19.767000,"14:27:34,075","14:27:56,607","14:28:09,155",Tarjeta,
150,EQ8Gb5R8ZMyTF1BnJY8o,sábado,12:08:30.945000,"12:10:12,430","12:10:46,398","12:10:49,376",Tarjeta,
33,2WYvugSFHc1WWdZ02uHe,sábado,14:24:15.974000,"14:24:43,797","14:25:47,469","14:26:04,740",Tarjeta,Se quedaron hablando 
151,ESq6Z0gDeLt9mpX6OWsp,sábado,12:47:08.598000,"12:47:22,844","12:47:26,058","12:47:45,113",efectivo,
152,EaGMC7pF3ZYVfGYpqskE,sábado,14:20:13.717000,"14:20:33,942","14:21:17,201","14:23:08,262",Tarjeta,
153,EaNCykVQWn692KrTUpML,sábado,14:08:16.084000,"14:09:20,322","14:09:48,022","14:10:06,727",Tarjeta,
545,rtDhoq3GgkQlKJomymRb,sábado,14:17:31.782000,"14:17:39,051","14:17:49,718","14:17:58,201",Tarjeta,
30,2P8KRRtvD4G6SuTlAvv6,sábado,12:50:55.200000,"12:51:54,911","12:52:07,387","12:52:10,774",efectivo,
159,FGjJ31YtZ342frFpQF1q,sábado,13:44:09.243000,"13:47:24,120","13:47:35,094","13:49:08,804",Tarjeta,Tocó insertar la tarjeta porque no pasó por NFC y se volvió a dañar el datáfono 
609,y8YCj8unEvHBNAGkAazB,sábado,14:14:38.242000,"14:16:22,877","14:16:31,519","14:17:06,650",Tarjeta,
160,FIb2ALXUMUTrsdwqbs9y,sábado,14:26:05.001000,"14:26:31,373","14:26:55,522","14:27:25,345",Tarjeta,
161,FNSG526n3f3gUEP81nNW,sábado,12:19:31.263000,"12:19:38,637","12:19:57,336","12:20:11,659",efectivo,
156,EjhJJ5dwXp7GyaIwKUvJ,sábado,12:38:11.572000,"12:38:40,539","12:39:44,908","12:40:21,291",Tarjeta,
592,wq0nFaygSplOEJuq2hA3,sábado,14:27:35.026000,"14:28:33,361","14:28:38,709","14:28:53,578",efectivo,
163,FQKTudGRtKePgfNgeA9b,sábado,13:34:35.464000,"13:39:25,963","13:39:46,448","13:40:17,547",bono,
611,yUKroARjMPOo9Ow2G2j2,sábado,15:00:12.138000,"15:06:25,315","15:06:39,017","15:06:50,692",efectivo,
166,FhHL47R2mBEAECl27FDS,sábado,14:29:36.134000,"14:30:52,259","14:31:52,078","14:32:12,355",Tarjeta,
546,ryjysLBDEcowhF4MVFTI,sábado,13:03:23.365000,"13:03:52,314","13:04:02,505","13:04:38,617",efectivo,
621,zH5qXj9ZUOgYdA0hpFLT,domingo,14:47:29.420000,"14:55:40,006","14:56:02,651","14:57:10,503",efectivo,
606,y0uFwNHESwhVSWHRGx6n,domingo,14:24:14.998000,"14:30:57,475","14:31:15,575","14:31:35,321",Tarjeta,
440,gYInOxIOE7s1VciAAT7U,domingo,12:46:32.442000,"12:48:13,333","12:48:25,153","12:49:30,743",digital,Está no tenía plata igual se toma 
620,zDdDb5fHzdd7AyuFzhDA,domingo,13:36:07.781000,"13:38:28,111","13:38:50,933","13:39:26,635",efectivo,
593,wtgjMi4swUQqU7SOongK,domingo,14:16:33.756000,"14:19:33,708","14:20:13,683","14:22:19,098",efectivo,"Fallo datafono, paso a efectivo "
427,fNvLGmyQ1FPmSYxJWgx7,domingo,13:42:47.775000,"13:42:58,891","13:43:06,403","13:43:14,039",efectivo,
605,xwr5oiJVhFc5HCSrEC9S,domingo,13:13:56.113000,"13:15:28,339","13:15:32,708","13:15:51,383",efectivo,
590,wfx46iPxmeDmp56X9zYg,domingo,14:37:46.392000,"14:42:36,184","14:42:55,144","14:43:21,520",Tarjeta,Se fue el que le seguia
619,zCEuSsQzu5I7T4OHeram,domingo,12:56:16.197000,"12:56:22,465","12:56:25,107","12:56:40,281",efectivo,
445,h32twg6t01n4yplcosAm,domingo,12:33:13.626000,"12:34:22,513","12:35:09,662","12:35:28,670",efectivo,
444,gn5mLwIuPUWA7EoZrQOc,domingo,14:09:56.707000,"14:11:45,395","14:12:19,997","14:12:56,602",Tarjeta,
443,giRncRax62eSjHPaCZyM,domingo,13:52:15.859000,"13:55:48,627","13:55:57,787","13:56:10,210",efectivo,
425,f4uq4hQeXXDem76qd2pn,domingo,14:30:14.541000,"14:37:01,184","14:38:10,128","14:38:14,644",Tarjeta,
434,fto70APgkTQTtTrt4zfl,domingo,14:01:57.998000,"14:05:30,427","14:05:46,154","14:06:05,544",efectivo,
429,fksOhzF1a4kF3n6ZpzwY,domingo,12:59:05.840000,"12:59:51,682","12:59:57,308","13:00:13,290",Tarjeta,
601,xY207pe3c0xJlGdV3CZ5,domingo,14:55:10.636000,"15:01:26,374","15:01:56,015","15:02:29,292",Tarjeta,Fallo datafono
451,hSHLRmiDwi9dvHN9iMlU,domingo,13:01:51.292000,"13:03:11,102","13:03:24,935","13:04:01,282",efectivo,
446,h5MNS9zjysWrsSBZUAoH,domingo,14:41:11.070000,"14:46:48,833","14:47:05,612","14:47:19,499",Tarjeta,
596,x7mwXY7FzJ62YEAx098e,domingo,14:52:31.447000,"15:01:03,391","15:01:21,476","15:02:01,805",efectivo,
433,foo3ozUDgAxCbdwLvjK7,domingo,14:55:25.276000,"15:03:04,910","15:03:39,175","15:04:50,962",Tarjeta,Falla datafono
617,z7fGIrDNFtyUnRR5kH4a,domingo,14:39:19.560000,"14:45:23,595","14:46:20,017","14:46:41,098",efectivo,
598,xIflCGtBc391SZgGqevm,domingo,14:03:43.533000,"14:06:00,824","14:06:08,545","14:07:21,873",Tarjeta,
599,xMMsJqafVwjGveJiMacY,domingo,12:27:56.609000,"12:28:22,168","12:28:57,504","12:29:20,611",efectivo,
602,xYyRV0HtQGNXkwUmNk94,domingo,13:50:18.529000,"13:59:19,475","13:59:54,097","14:00:11,712",efectivo,Dejo pasar gente
431,fn5LWxXpreb2IHrIHJaM,domingo,14:07:15.584000,"14:09:13,670","14:09:31,235","14:09:43,230",efectivo,
607,y1XIUtKbCegyYUps8k9D,domingo,11:45:14.654000,"11:52:09,798","11:52:10,628","11:52:11,849",efectivo,"Cajera esta en cocina. Se fueron, se abuerrieron de esperar"
615,yhLetVIPnVXlsDXSY1nx,domingo,14:12:52.915000,"14:14:15,381","14:14:23,728","14:14:37,023",efectivo,
608,y6Ie69rdmXT7Ne3xw0mf,domingo,13:06:47.339000,"13:13:01,251","13:13:15,372","13:13:20,677",Tarjeta,
610,yETXVslABlxiJCeubW1x,domingo,13:47:04.722000,"13:49:23,680","13:50:37,306","13:50:59,471",Tarjeta,
448,h9p3vbmjNYckH7EvcLyk,domingo,13:12:06.717000,"13:17:25,558","13:17:54,169","13:17:59,991",efectivo,
428,fPE0Bi5yFDW7lReB94Ut,domingo,14:22:05.534000,"14:23:17,259","14:23:25,086","14:23:34,249",efectivo,
526,pqFzh0rUauAPbgz7XfIz,domingo,12:09:00.558000,"12:09:55,521","12:10:21,306","12:10:37,620",Tarjeta,
589,wdSdsNjrO5kaul3mQveC,domingo,14:14:54.989000,"14:15:27,115","14:15:35,548","14:15:43,520",Tarjeta,
537,qohFK2g2jxECotHRHkZ1,domingo,11:40:45.243000,"11:41:09,863","11:41:37,239","11:41:50,763",Tarjeta,
549,sFxbhXxCF7wEhRsheBCG,domingo,14:08:20.540000,"14:10:13,356","14:10:28,145","14:10:54,219",Tarjeta,
500,mJrvzQVheoWHKdIGug1R,domingo,14:51:19.901000,"14:59:27,056","14:59:35,147","14:59:46,604",efectivo,
501,mKq1ZTwFpOyOWki7sOcD,domingo,13:26:01.287000,"13:27:21,306","13:27:46,446","13:28:06,875",efectivo,
502,mQ2z7B7ofVDWMlazwRIx,domingo,12:18:19.556000,"12:19:14,514","12:19:40,405","12:19:57,703",efectivo,
547,s1PVogQjALhbIPWyasZx,domingo,14:34:45.274000,"14:41:04,926","14:41:15,568","14:41:30,008",efectivo,
504,n9ZnJcinzN7pJSkDf89c,domingo,12:49:06.330000,"12:53:29,344","12:53:47,142","12:54:13,894",Tarjeta,
505,nOuRFDxSrPO1bzHm5bOY,domingo,14:09:48.479000,"14:10:05,713","14:10:34,081","14:11:15,579",efectivo,
508,naLeL5An3SE4ng6kQTyF,domingo,13:53:23.364000,"14:00:48,308","14:01:17,798","14:01:20,421",efectivo,
542,rLAGu93XKfxiEauTSstO,domingo,13:03:40.233000,"13:06:29,076","13:06:53,529","13:07:13,208",Tarjeta,
541,rL3Bkl4SNBH1WORr2LY1,domingo,13:17:20.589000,"13:17:51,456","13:17:55,824","13:18:18,874",efectivo,
540,rIAFV27GyTnVEy1zHoLO,domingo,14:51:59.293000,"15:00:20,603","15:00:31,559","15:00:52,506",efectivo,
511,nzcXNpPIRbBmUzmC0mZJ,domingo,13:46:39.357000,"13:48:39,637","13:49:06,187","13:49:14,135",efectivo,
538,r28Cy2hweoFlSWHF5fw4,domingo,14:21:08.521000,"14:24:51,119","14:25:01,656","14:26:26,956",Tarjeta,
536,qli5ed89IbGd6PVA5W8R,domingo,14:38:14.400000,"14:43:23,057","14:43:53,482","14:44:15,699",Tarjeta,
497,m9j4bieKPMaEJ3WHi0Me,domingo,14:46:42.635000,"14:53:41,199","14:53:58,532","14:55:37,152",digital,"Volvio jefa, hay 4 en cocina y una en caja"
514,ocdiXWF1W5twrDXWKUWc,domingo,12:41:06.896000,"12:41:11,314","12:41:44,096","12:42:04,154",efectivo,
515,ofHDBDavliDc7HUCIVgB,domingo,11:49:45.621000,"11:48:52,951","11:49:06,656","11:49:25,669",Tarjeta,
516,oiCByUTjZgMA7H1NkLXi,domingo,13:01:08.196000,"13:01:24,023","13:01:46,466","13:02:07,207",efectivo,
534,qWw8teTZ29k8GjeRZYME,domingo,14:22:19.183000,"14:27:48,427","14:27:56,438","14:28:10,732",Tarjeta,
517,oiuNl4Xfez8twUcn1A2J,domingo,14:12:56.708000,"14:15:49,210","14:15:54,981","14:16:16,591",efectivo,
518,onqQF6YGYRD8TIl5McR2,domingo,13:14:23.461000,"13:15:56,082","13:16:08,868","13:16:25,255",Tarjeta,
520,oxdDbIutLd0TfIPg9a9X,domingo,13:46:00.107000,"13:47:14,765","13:47:24,228","13:50:56,747",Tarjeta,Datafono fallando
521,p9kZ1rlFOC4lRS8EXGBd,domingo,12:40:01.089000,"12:40:02,269","12:40:21,376","12:40:33,446",efectivo,
533,qPxGpzR7mGHnWZ4KLJ0T,domingo,14:05:17.860000,"14:06:07,246","14:06:46,151","14:07:03,983",efectivo,
523,pLpNZ4uWLHYNsicRzl57,domingo,12:57:16.759000,"13:00:25,344","13:00:54,104","13:01:20,727",efectivo,
530,qEL6HFXmKwFXCIcRVinI,domingo,14:21:51.348000,"14:22:20,606","14:22:52,853","14:23:13,277",efectivo,
529,q6NH6kipKOlnG9dPq2Im,domingo,14:41:46.865000,"14:47:19,086","14:47:41,581","14:47:55,572",efectivo,
527,pr5fJyWRrnxp7JgrZZnY,domingo,13:05:02.104000,"13:11:20,531","13:11:23,483","13:11:44,980",efectivo,
550,sOALknG9Fzphpq0C4oen,domingo,13:06:47.504000,"13:13:37,355","13:14:10,920","13:15:49,783",Tarjeta,Fallo datafono
496,m4ECGbivMTkviIJrBjxV,domingo,14:49:16.126000,"14:57:30,185","14:57:42,240","14:58:03,569",efectivo,
588,wYzWaDvYAJzEm87ARPgY,domingo,11:50:19.556000,"11:51:02,636","11:51:47,779","11:52:08,531",efectivo,
567,tcHoF81O9a090lH0OSvm,domingo,14:55:19.884000,"15:02:30,869","15:02:44,665","15:03:03,359",Tarjeta,
453,hTeYRdQwqqhuQNiXmjNg,domingo,13:30:44.165000,"13:33:34,042","13:33:59,639","13:34:21,382",Tarjeta,
457,hqzr3V9JQnStCGe6DrXj,domingo,13:43:51.630000,"13:45:32,027","13:45:43,265","13:46:14,375",Tarjeta,
584,vo00Qi5i0Ga0YQ6MwD88,domingo,13:46:06.987000,"13:50:58,914","13:51:21,270","13:51:34,623",efectivo,
583,vmhwfZQnT3kgrPJPsC7L,domingo,13:10:40.791000,"13:16:37,314","13:16:43,969","13:17:04,057",efectivo,
458,hw79ZxfuAOTPNMndFzen,domingo,13:37:24.046000,"13:37:27,867","13:37:46,014","13:37:53,970",efectivo,
579,vCRDno3o3uVnPgLXdIxA,domingo,13:04:56.233000,"13:08:29,626","13:08:42,499","13:13:02,921",Tarjeta,Fallo datafono
577,uijq6ANOfHCsdyMQU7z7,domingo,14:42:10.761000,"14:49:20,876","14:50:05,064","14:50:30,066",efectivo,
462,iW3rWe9QKgeOIkiV20Dg,domingo,13:46:56.663000,"13:52:21,784","13:52:33,180","13:52:57,050",efectivo,
576,uWNgnY8Yclp7Eyd484YE,domingo,14:51:51.026000,"14:59:50,494","15:00:02,826","15:00:09,744",efectivo,
574,uIpEy7SQnCUjibQZNG3u,domingo,14:13:48.784000,"14:18:21,311","14:18:30,069","14:19:05,205",efectivo,
463,iotpJmFvk9uRsyPfwmp6,domingo,13:12:42.081000,"13:15:00,773","13:15:08,282","13:15:21,112",efectivo,
464,ipz5njJboVDMvakhQoJB,domingo,11:33:13.580000,"11:36:33,368","11:36:39,583","11:36:49,271",Tarjeta,Se coló a la anterior por la confusión en la fila
466,j3jessTow1t8IquCFk0x,domingo,12:10:49.788000,"12:11:10,867","12:12:45,051","12:12:59,482",efectivo,
471,jbCdVL0eUpAraVHdqYnM,domingo,11:54:26.253000,"11:55:40,913","11:55:54,917","11:56:57,156",efectivo,
493,llYIofjVVQK3a9A02e0A,domingo,14:48:04.169000,"14:57:01,593","14:57:30,192","14:57:37,417",Tarjeta,
563,tN6C4WpzkkeovEabwwEM,domingo,13:57:59.147000,"14:03:01,814","14:03:22,965","14:03:34,086",efectivo,
472,jszGRWHxiHBL2t0gUmVo,domingo,13:30:57.515000,"13:34:23,348","13:34:30,933","13:34:57,822",efectivo,
473,juL9mEiOovWXpR0LFNTm,domingo,13:20:43.188000,"13:23:47,958","13:24:17,555","13:24:57,631",efectivo,
561,tJ0VgEJAhoxGJQaJT5xM,domingo,14:50:00.221000,"14:59:02,188","14:59:18,830","14:59:21,919",efectivo,
560,tCBHbihZN6AMBeWqAwzg,domingo,11:33:03.190000,"11:36:50,952","11:36:58,092","11:37:09,108",Tarjeta,La cajera esta en cocina
481,ksdfQgybGNZ1yTRJNd2G,domingo,13:03:33.822000,"13:03:35,070","13:03:50,682","13:04:07,323",Tarjeta,
484,l4bLuYhDYSrVxFAL1WHY,domingo,13:11:59.444000,"13:17:10,925","13:17:16,380","13:17:22,924",Tarjeta,
554,sfDi2byj3gN9RfVJYNaC,domingo,14:18:14.540000,"14:19:24,476","14:19:34,251","14:19:54,926",efectivo,
486,lDVSxHmhy1IZ9uNEATJy,domingo,12:01:46.338000,"12:02:32,365","12:03:02,614","12:03:48,438",efectivo,
487,lJ4FEZgIBsvrw2D61pFp,domingo,14:15:31.142000,"14:17:24,356","14:17:29,196","14:17:42,312",efectivo,
488,lRC2NJXs84RVFZgSv3F2,domingo,14:59:32.317000,"15:08:31,510","15:08:41,968","15:09:10,209",efectivo,
489,lS3GaXyqoC5iPY8hP4BD,domingo,11:59:11.380000,"12:00:35,991","12:01:00,302","12:01:12,866",Tarjeta,
491,lVnJFz1Qu70EGDnY66Uo,domingo,11:31:15.313000,"11:31:34,306","11:31:40,215","11:32:08,620",bono,
564,tST82oOpPJgv8ZTPegoY,domingo,13:59:30.440000,"14:03:35,597","14:04:04,109","14:04:16,483",efectivo,
0,01pl4oWSaGY9q2e9taTv,domingo,14:59:10.265000,"15:07:32,584","15:07:43,999","15:08:29,004",efectivo,
422,ewiAsJKf48u8hJYaKZwb,domingo,14:18:03.602000,"14:18:27,052","14:19:06,593","14:19:19,814",efectivo,
116,C1uZG5h9UWYKn3fR3smT,domingo,13:37:58.677000,"13:38:01,914","13:38:18,329","13:38:23,333",Tarjeta,
142,DmomA6Z3wjQISa97Wo3N,domingo,14:23:37.024000,"14:29:17,168","14:29:29,831","14:29:47,086",Tarjeta,
141,DgvnEIEZ1V2qzxORdGql,domingo,13:40:33.025000,"13:41:40,939","13:42:03,165","13:42:11,691",Tarjeta,
139,DVJ8WpCiA6QrR27BZtA2,domingo,14:19:48.951000,"14:20:34,660","14:20:57,062","14:21:24,127",efectivo,
136,DO22vLufxMJBep1oNat0,domingo,13:06:46.161000,"13:12:35,202","13:12:47,559","13:12:56,066",efectivo,
134,DAG9S6ko6p39LbIRjUAx,domingo,14:06:03.298000,"14:08:45,744","14:08:48,802","14:09:09,466",efectivo,
131,CwpKe5o5gbkeYPJ1MGEd,domingo,11:59:08.954000,"11:59:48,271","12:00:04,825","12:00:33,668",Tarjeta,
130,Ct0cxmyiMuw9VpWXSFz6,domingo,13:17:29.561000,"13:20:57,934","13:21:36,114","13:21:57,076",efectivo,
124,CWJASgQv9aObSwVP6Lw1,domingo,13:07:01.442000,"13:15:55,020","13:16:06,277","13:16:21,008",efectivo,
123,CWCpIzXK3K8QiVpXADju,domingo,14:43:37.647000,"14:47:57,182","14:48:05,557","14:48:34,332",Tarjeta,
119,C9yeqc9OJU79cVkj181X,domingo,12:51:55.121000,"12:54:19,293","12:54:38,915","12:54:44,924",efectivo,
112,BaHK28AElqWe95Q4MUXi,domingo,13:18:46.665000,"13:21:58,796","13:22:54,666","13:23:26,523",Tarjeta,
90,96MjEGaBxjclHeSFMd5D,domingo,14:39:43.762000,"14:44:48,623","14:44:57,808","14:46:36,453",Tarjeta,"Fallo lectura de bono, toco tarjeta"
110,BPmQVychbHdvMNkUMOwD,domingo,13:29:08.892000,"13:32:51,336","13:32:57,579","13:33:32,027",efectivo,Dos pagos aparte
108,BIHFKc5XfWmxvFBry8iP,domingo,12:49:39.158000,"12:51:14,195","12:51:18,236","12:57:28,394",Tarjeta,"Esta fallando la tarjeta, han intentado varias veces. Ahora parece fallo del datafono"
106,AeAbJrIZ5oNtKkTwFip5,domingo,14:53:47.126000,"14:59:50,412","15:00:28,657","15:01:25,069",Tarjeta,Fallo datafono
103,APUjj4jHLIB7TXZulY6I,domingo,11:29:22.781000,"11:30:26,129","11:31:13,069","11:31:31,920",efectivo,
99,A3z9zGkSLJ8A3VbSOqcT,domingo,12:39:52.038000,"12:40:22,626","12:40:41,606","12:41:21,056",Tarjeta,
98,A1bcDVVy1cYjbfqYIBkr,domingo,14:45:42.268000,"14:51:39,044","14:52:43,307","14:53:25,898",efectivo,
97,9uJicsBqOCPUIWbBtsEb,domingo,13:45:15.122000,"13:45:52,227","13:46:45,838","13:47:16,241",Tarjeta,
95,9eVoaTkyIvxaeV2EqCMI,domingo,13:14:46.439000,"13:18:37,277","13:18:52,743","13:19:18,201",bono,
93,9bXiPTZPGDBMV6JwSvIX,domingo,14:38:29.657000,"14:43:41,773","14:44:38,509","14:44:41,705",Tarjeta,
92,9I2ZgmrNfv4rWsccsnci,domingo,13:34:29.059000,"13:36:03,421","13:36:21,827","13:36:45,509",Tarjeta,
144,Dtf3WIHvGcONpG8MUwLz,domingo,13:14:25.728000,"13:16:34,043","13:16:51,834","13:17:05,082",efectivo,
147,EMeaAAJzqCTacX4crTOj,domingo,14:35:24.127000,"14:41:20,609","14:41:41,520","14:42:18,889",efectivo,
155,EfhF1RQJzvdcBYT5GN7m,domingo,13:46:12.262000,"13:48:10,186","13:48:32,636","13:48:36,223",efectivo,
158,FEc3kh9uHAIqqhRLNmKs,domingo,13:54:05.519000,"13:56:46,638","13:57:04,139","13:57:15,859",Tarjeta,
205,IoL32SdKnhuuSNX9QrqS,domingo,14:04:58.150000,"14:07:23,547","14:07:28,980","14:07:48,323",efectivo,
203,Ic8LtfORNSwXVFMaJX2V,domingo,14:44:32.912000,"14:51:08,360","14:51:13,167","14:51:32,580",efectivo,
201,IRXidMQ8qZgk7OeH1QHa,domingo,11:48:33.512000,"11:49:56,941","11:50:02,142","11:50:09,034",efectivo,
200,IHz8wzYE0Zdteq8mWLTG,domingo,13:49:35.330000,"13:51:57,605","13:52:34,296","13:53:07,974",Tarjeta,
199,IFP1W28kuC4LDaXz4bXn,domingo,13:06:49.406000,"13:13:25,074","13:13:33,596","13:13:44,965",efectivo,
198,ICU3plhv46wsFqftvLG8,domingo,13:53:28.529000,"14:01:21,710","14:01:26,386","14:01:38,886",Tarjeta,
191,HowI24SQxFJd8BDLnT7l,domingo,13:52:08.846000,"13:54:29,659","13:54:58,499","13:55:29,660",Tarjeta,
190,HomS57qgMeBHKaP8NSUn,domingo,11:42:57.816000,"11:42:59,089","11:43:07,132","11:44:09,335",Tarjeta,
185,HFfkm5n9DBeIND3qfLrg,domingo,13:34:34.211000,"13:36:54,619","13:37:04,482","13:37:18,859",Tarjeta,
184,HEYjpFbqzR4XnKuBkunS,domingo,13:05:00.438000,"13:10:52,276","13:11:00,445","13:11:09,744",efectivo,
182,H2yJN5zUxfhjUbdERRYg,domingo,12:48:00.385000,"12:48:16,714","12:49:49,163","12:49:51,313",efectivo,
180,GsjGkFiLRBjT4XXFnDU7,domingo,14:29:57.961000,"14:40:02,319","14:40:16,917","14:40:31,408",efectivo,
178,GgrvvDElWBLoYDbkOiWT,domingo,13:24:05.380000,"13:25:39,503","13:25:44,794","13:25:47,581",efectivo,
175,GR3FPB9n31cjH7mDvktS,domingo,14:46:17.029000,"14:53:40,155","14:53:46,987","14:53:58,350",efectivo,
173,GGVdKISSZNLrPx3OHJXm,domingo,14:41:48.413000,"14:48:43,960","14:48:52,186","14:49:16,349",efectivo,
170,Fv71rpDwyxS4kVjw6NFM,domingo,11:48:06.217000,"11:49:30,319","11:49:42,761","11:49:52,903",efectivo,
169,FqqGOcrc60x6L5JJyz06,domingo,14:26:28.691000,"14:32:22,937","14:32:50,892","14:33:34,392",Tarjeta,
167,FigmmO8wlWmvH5KJltKO,domingo,14:32:56.118000,"14:39:46,333","14:39:53,956","14:40:17,329",efectivo,
165,FduCaLMcJiKat9Vm80fn,domingo,13:40:30.760000,"13:41:10,683","13:41:24,943","13:41:36,308",Tarjeta,
164,FUAo7v2j8CFEctOwgxm6,domingo,12:44:08.203000,"12:44:29,955","12:45:31,251","12:45:42,928",efectivo,
162,FPWGpMP5k3waN27TJ4GR,domingo,13:16:30.553000,"13:17:10,132","13:17:22,618","13:17:28,152",efectivo,
91,9E13lACJuBzFxqBpkPkp,domingo,14:11:15.071000,"14:12:58,356","14:13:18,748","14:14:11,239",efectivo,
89,92nEH8mheoTyRgeE6Dw7,domingo,12:46:47.132000,"12:47:17,246","12:47:21,340","12:47:35,893",efectivo,
208,J9LuVb1ZSMKeJp2AuLKm,domingo,11:27:58.982000,"11:29:37,178","11:29:45,790","11:30:23,404",Tarjeta,Hay dos en caja
18,1OQsJ83tbjXtzJv0UaBY,domingo,14:15:01.982000,"14:15:54,376","14:16:54,060","14:17:18,276",Tarjeta,
40,3LwNP3BoLMY3MAqhocze,domingo,12:01:16.929000,"12:01:22,218","12:01:44,556","12:02:27,217",Tarjeta,
37,335UR5LLvtP77ZByUG9C,domingo,14:38:47.829000,"14:44:48,122","14:44:59,026","14:45:19,663",efectivo,
32,2UvvLBsDTyS9WUDnzswV,domingo,13:10:54.767000,"13:13:58,121","13:14:04,662","13:14:28,631",Tarjeta,
29,2KcHBQngP3ra4VGlejCB,domingo,13:38:12.273000,"13:40:34,090","13:40:56,931","13:40:58,194",efectivo,Me asusté con el globo que explotó 
28,25E6jzcXaF1rljsF8PmL,domingo,12:19:54.626000,"12:20:41,505","12:21:05,434","12:21:25,895",efectivo,
27,22KmRDFVfx6Njpis6V7f,domingo,12:18:42.771000,"12:20:01,882","12:20:32,985","12:20:37,023",efectivo,
26,22KKFosk9n9BiptiN1o4,domingo,14:49:29.136000,"14:57:44,773","14:58:13,958","14:58:33,670",Tarjeta,
25,1zUkNUQICkejBvHmNMeh,domingo,14:23:15.048000,"14:23:36,133","14:23:51,148","14:24:02,769",efectivo,
21,1lU0vWoCD3kMsmo9T0xE,domingo,14:47:31.805000,"14:54:27,675","14:54:58,224","14:55:37,846",efectivo,
20,1iIV8uOSYLiNAuPNzYcG,domingo,12:44:55.416000,"12:45:29,627","12:46:21,984","12:46:58,186",efectivo,
16,1C4dmoT79F5cVlfuhLSB,domingo,13:47:30.943000,"13:52:59,033","13:53:14,695","13:53:18,302",efectivo,
88,8uaZXaEWB8v5pOYDcUBo,domingo,13:50:07.399000,"13:53:13,279","13:53:41,154","13:53:57,923",efectivo,
15,1BZm9v4e9CuhHVMLia1s,domingo,13:37:39.962000,"13:39:42,144","13:40:10,787","13:40:25,589",Tarjeta,
13,0zgCGZK0nPUupXciwqBw,domingo,15:01:17.338000,"15:09:36,084","15:09:50,746","15:21:13,753",Tarjeta,"Datáfono fallo, no pudieron pagar, continuara… se fueron a retirar y separaron la caja en dos, datafono y efectivo"
11,0p4HsetcIPIMatEltAM4,domingo,12:09:06.957000,"12:10:44,196","12:10:54,449","12:11:02,626",efectivo,
9,0lPIrs6wAmdkPSFq56Le,domingo,12:05:08.331000,"12:06:34,376","12:06:40,204","12:06:54,551",efectivo,
8,0XcsNZybzSsdMHzwp64s,domingo,14:46:54.357000,"14:54:02,515","14:54:07,839","14:54:24,998",Tarjeta,
7,0V4YFp8cRlfaIm0By4Ya,domingo,14:11:04.662000,"14:11:17,067","14:11:44,555","14:12:08,974",efectivo,
6,0NLRtZ2bBgv9tsW9CMoF,domingo,14:09:34.832000,"14:09:41,035","14:10:01,775","14:10:04,120",efectivo,
5,0N8qc4zVjxnNlhDYoD1K,domingo,13:34:27.499000,"13:34:30,812","13:35:34,541","13:35:58,580",Tarjeta,
4,0E4WNPjAAIqYcqW23EBo,domingo,13:24:11.787000,"13:25:04,147","13:25:29,616","13:25:39,428",Tarjeta,
2,042KP7Ctbl7lqjiCZV9h,domingo,14:19:53,"14:21:27,748","14:22:32,383","14:22:47,318",efectivo,
43,3R6BZPnZt1G0n8C8V8HC,domingo,13:04:27.537000,"13:07:58,410","13:08:07,490","13:08:27,715",efectivo,
45,3ZQWnQ8dn7yJZQxXGiHK,domingo,14:57:33.979000,"15:06:03,390","15:06:22,880","15:06:32,153",efectivo,
46,3dFJ5SKZ0JtpOIyzn7l9,domingo,11:39:02.989000,"11:40:12,191","11:40:59,634","11:41:07,246",efectivo,
47,3oZynHJsbBEGo1Cb8ebC,domingo,12:29:56.599000,"12:32:07,321","12:32:38,977","12:33:08,827",efectivo,
87,8r2Cagpg2cIQLcbP3SYP,domingo,13:22:10.778000,"13:24:37,568","13:24:57,874","13:25:02,776",efectivo,
86,8ooLDLT1TKB6SkkeVfkh,domingo,13:03:37.010000,"13:05:39,463","13:06:07,365","13:06:23,235",efectivo,
83,8cnX8iAgebssNfRcTKe2,domingo,14:13:35.169000,"14:16:19,134","14:16:40,820","14:17:00,534",efectivo,
82,8bA566WkTjlf90vG0QCN,domingo,14:44:44.358000,"14:48:36,549","14:49:00,397","14:49:46,617",Tarjeta,
77,8063LKbevIUfRosuprnz,domingo,14:41:40.098000,"14:46:37,728","14:46:55,270","14:47:17,934",efectivo,
76,7wtbH4GPYE8QwaRmskcl,domingo,11:43:04.988000,"11:44:11,303","11:44:37,398","11:45:02,224",efectivo,
75,7vLI3uz51xmG57rRG2i0,domingo,14:01:53.291000,"14:04:37,488","14:04:42,983","14:05:25,636",Tarjeta,
70,7OG1rcnUuvzh0bUuFTAh,domingo,13:47:21.889000,"13:47:23,978","13:48:00,384","13:48:05,070",Tarjeta,
69,7MrOsXxVsYvFddmuzsaJ,domingo,13:43:01.492000,"13:43:16,490","13:43:55,507","13:44:44,784",efectivo,
66,6oku2KKPZZ1e5MnaQM1o,domingo,12:40:41.324000,"12:40:44,273","12:40:56,558","12:41:09,468",Tarjeta,
65,6kT0L0jRuloVIFBxaBMk,domingo,14:23:15.450000,"14:28:17,831","14:28:25,278","14:29:11,103",Tarjeta,
64,6hY4wKAYQaey3MXnssAU,domingo,14:26:05.667000,"14:32:52,896","14:33:41,382","14:34:00,511",Tarjeta,
63,6Tod2DP4rQH9YQNGf5E1,domingo,12:57:05.354000,"12:57:24,007","12:58:22,876","13:00:24,450",Tarjeta,No le pasó las primeras veces y cambio de tarjeta 
62,6RXl3EDfBA13zcSIgzM6,domingo,14:25:36.166000,"14:32:20,028","14:32:31,500","14:32:45,539",efectivo,
58,5vWt9ufC6qjBByYof2GU,domingo,14:23:40.545000,"14:29:55,562","14:30:24,533","14:30:51,665",Tarjeta,
56,5ZjGFYGntU4mqTd01Zev,domingo,13:06:21.051000,"13:11:49,402","13:11:56,047","13:12:06,276",efectivo,
54,55nTmI7Px833ZZoWbsYZ,domingo,13:48:05.326000,"13:53:19,850","13:53:37,609","13:53:46,962",efectivo,
53,4aguoFbRsRi1u2J9fl4E,domingo,14:20:44.222000,"14:23:50,495","14:24:06,429","14:24:29,988",efectivo,
50,4McLdGPPPoiigFTVjKr2,domingo,14:01:41.469000,"14:03:09,675","14:03:27,705","14:04:29,463",Tarjeta,
49,4F3jMSm9a1QTCUrFzS8l,domingo,12:53:58.106000,"12:57:31,174","12:57:35,335","12:58:05,973",Tarjeta,
48,465VQEqMHIZgaIE4k7mP,domingo,13:39:57.910000,"13:42:28,906","13:42:36,679","13:42:56,897",efectivo,Todas las 3 en cocina
206,IrNR4E6k6vy7Wgq55REr,domingo,14:48:48.220000,"14:57:11,728","14:57:25,396","14:57:29,188",efectivo,
213,JuDZ7RVQXxMhKeKsG7ri,domingo,12:47:32.243000,"12:47:42,093","12:47:54,789","12:48:14,146",Tarjeta,
421,eubVnCyAX3x4melh4BU3,domingo,13:21:02.860000,"13:25:05,375","13:25:06,930","13:25:30,722",Tarjeta,
342,Y1B3gnc63CzspQ2xLv2v,domingo,13:50:32.939000,"13:56:34,312","13:57:04,234","13:58:59,363",efectivo,"Falla datafono, pasa a efectivo "
367,azQsM3cZ8cESJKrLYFda,domingo,14:15:58.022000,"14:17:46,627","14:18:15,813","14:18:20,417",Tarjeta,
362,ab3d3kWy948DgOeWB3Bj,domingo,14:55:53.737000,"15:04:52,480","15:05:39,631","15:06:01,975",efectivo,
355,ZcsIJyeP7W1QA9TMkEPM,domingo,15:00:35.193000,"15:09:11,791","15:09:16,959","15:09:32,855",efectivo,
354,ZMKXEyVc5gSPd6ldoG0S,domingo,14:25:32.807000,"14:30:12,697","14:30:22,291","14:31:04,577",Tarjeta,"Sale a almuerzo jefe y entra otra, por ahora nadie en caja"
351,ZCtS1ZhTJXO2m1BqwKFt,domingo,14:25:47.900000,"14:31:06,031","14:31:59,112","14:32:18,009",efectivo,Ahora son tres en total trabajando
350,YxUGUr07nrtZmWMbeG4O,domingo,14:08:49.501000,"14:08:54,475","14:08:58,871","14:09:38,260",efectivo,
349,Yw5xdVwMLctSRDEM6eqH,domingo,13:12:23.884000,"13:18:01,409","13:18:11,181","13:18:35,699",efectivo,
346,YZ12uc3KEeyNpVABjDNR,domingo,13:03:54.775000,"13:07:32,360","13:08:10,140","13:10:44,890",bono,
345,YKEPa9emsbnEDx97t46P,domingo,13:49:30.333000,"13:51:09,753","13:51:26,066","13:51:49,023",efectivo,
343,YAq7Y3q1Zd1ac3ZEGRWW,domingo,13:52:27.084000,"13:56:14,503","13:56:35,767","13:56:44,829",efectivo,
338,XUql8cNBcj9UAwIrdjWd,domingo,13:45:10.945000,"13:45:35,540","13:45:37,793","13:45:46,339",Tarjeta,
309,TZMu8qLdloYKQqoxhdHb,domingo,14:38:05.348000,"14:42:23,329","14:43:30,719","14:43:37,943",Tarjeta,
334,X2haYKOjA9JcHCLrcGbm,domingo,12:25:52.862000,"12:25:54,299","12:26:51,127","12:27:12,639",Tarjeta,
331,WZFvwn881nfDLQJMswy3,domingo,13:27:15.055000,"13:30:10,688","13:30:18,423","13:30:48,884",efectivo,
330,WUkLAAQlwcptZ26nwoBN,domingo,12:35:35.156000,"12:37:10,755","12:37:37,908","12:38:08,600",efectivo,
326,W46Gl7j2fn87D4iAmQxC,domingo,13:59:45.422000,"14:05:01,880","14:05:24,952","14:05:58,369",Tarjeta,
325,Vt2K1w16BwJzRcJkVVQb,domingo,13:20:41.487000,"13:21:41,629","13:22:11,641","13:23:44,279",Tarjeta,
320,UfwCK6oZu8x6wHIUCoJV,domingo,13:27:44.594000,"13:28:12,329","13:28:35,382","13:28:47,679",Tarjeta,
318,UJsHgH5i4DtvPwVPiF7K,domingo,13:16:45.865000,"13:19:51,254","13:20:02,015","13:20:56,680",efectivo,
317,UBMQY0B0pMLkIhq4EYFu,domingo,13:20:18.084000,"13:21:01,027","13:21:17,614","13:21:18,599",efectivo,
315,U5c8wQ9JB4MOEh6APXMX,domingo,13:51:18.991000,"13:53:59,212","13:54:14,440","13:54:28,585",Tarjeta,
311,TsojEkwCLIohb5U6NDXS,domingo,14:13:56.848000,"14:19:07,244","14:19:18,072","14:19:31,095",efectivo,
368,azrda9OuP5oPzFugjoSi,domingo,14:47:48.966000,"14:55:42,895","14:56:20,083","14:56:55,882",efectivo,
371,bCaLcS7VUOcjk5x6oKDu,domingo,14:51:46.791000,"14:58:29,229","14:58:46,761","14:59:02,655",efectivo,
374,bUcVKbVddwur9yUHBrgx,domingo,13:57:52.661000,"14:02:13,553","14:02:27,769","14:02:59,711",Tarjeta,"4 en servicio, de cocina y caja"
375,bXU0fAe9x5OUvWzwLRO8,domingo,14:45:07.770000,"14:49:50,808","14:50:28,726","14:51:25,527",efectivo,
419,emSqXekhTifdocr4Ngz2,domingo,14:13:50.411000,"14:14:46,451","14:15:13,629","14:15:23,487",Tarjeta,
416,eZlB6l98HRp6k17yPmou,domingo,14:31:52.161000,"14:39:14,725","14:39:24,313","14:39:39,420",efectivo,
413,eEicUnjSqj3x0j16y2O4,domingo,14:49:36.861000,"14:58:38,318","14:58:43,449","14:58:52,419",Tarjeta,
404,dVLL06RZNYnqUJHSf9lL,domingo,12:48:39.256000,"12:49:53,119","12:53:00,544","12:53:25,246",Tarjeta,
403,dV1jAZYjPi63k1luE30D,domingo,14:43:05.962000,"14:50:34,482","14:51:03,281","14:51:04,787",efectivo,
402,dU1FrkzBeecLV8ziFQQW,domingo,11:41:52.870000,"11:42:01,626","11:42:40,222","11:42:43,599",efectivo,
398,d8MSkn2V32TEwBmI22GQ,domingo,13:54:08.895000,"13:57:19,422","13:57:28,203","13:58:01,811",efectivo,
393,cxhxGSKTm1HxXISEoJW6,domingo,13:06:44.713000,"13:12:10,955","13:12:17,148","13:12:31,416",Tarjeta,
392,cnjb87SNBNndqD3B906Z,domingo,11:31:36.647000,"11:32:10,908","11:32:28,147","11:32:42,714",Tarjeta,
391,cjvEfGsirQP7vhPTG9oQ,domingo,13:28:02.815000,"13:28:55,952","13:29:22,442","13:29:59,202",efectivo,
390,cgSZM3sZXMLhYwvJeJsY,domingo,14:26:24.775000,"14:34:06,081","14:34:12,017","14:34:19,956",Tarjeta,
388,cY84Q17yhRBtAUHlpxzG,domingo,14:05:23.336000,"14:08:25,896","14:08:27,927","14:08:39,365",efectivo,
387,cTN3SsFbjxv1A399sgZ5,domingo,14:11:07,"14:12:13,544","14:12:37,545","14:15:47,441",Tarjeta,Fallo datafono
386,cEPOgAcoOz1nPPcrnyeC,domingo,14:34:37.541000,"14:40:23,841","14:40:54,152","14:41:16,088",Tarjeta,
385,cAN06Lht5jfldendQIjb,domingo,13:03:29.211000,"13:04:05,180","13:04:14,989","13:07:55,326",Tarjeta,Fallo datafono
383,bt9ysYQefJeioHLSpDSS,domingo,14:26:51.255000,"14:34:24,561","14:36:24,646","14:36:55,262",efectivo,
380,biNy2Dqxccj9SabENKB4,domingo,12:38:18.036000,"12:39:35,551","12:39:49,245","12:40:20,581",efectivo,
379,bdKDi2PCBimgudxAZzK6,domingo,12:35:33.984000,"12:35:47,542","12:36:18,778","12:37:08,869",Tarjeta,
378,bbmDfTBCnpiUXmY9MGm2,domingo,13:31:55.234000,"13:31:58,154","13:32:17,962","13:32:42,621",efectivo,
377,bb4QT91VrWwtdFnnGC3N,domingo,14:28:25.329000,"14:37:03,328","14:37:37,684","14:40:00,950",Tarjeta,Falla datafono
376,bZ2fRKN1KnzFCukHYuah,domingo,13:59:37.069000,"14:04:18,187","14:04:45,768","14:05:00,611",Tarjeta,
310,ThGtSsRHucmQC1qZ44TG,domingo,14:53:10.310000,"14:59:05,448","14:59:20,663","14:59:48,522",efectivo,
307,THfGmtp4j4kHGJDWdUcw,domingo,12:00:21.198000,"12:00:22,654","12:00:31,650","12:01:05,421",Tarjeta,
215,K4AtpGn0pZGBAEgGBt0i,domingo,13:11:40.860000,"13:14:31,489","13:14:39,273","13:14:56,604",efectivo,
234,LzmLHui4PMUUN95NoDFI,domingo,14:31:12.216000,"14:40:33,066","14:40:46,298","14:41:03,354",efectivo,
260,P0CoONsp40mxae8CrkWV,domingo,13:44:58.854000,"13:46:16,457","13:46:33,878","13:47:12,665",Tarjeta,
258,OZL91qXB7OgEF0cRadlF,domingo,12:34:25.510000,"12:35:32,347","12:35:48,235","12:36:36,366",efectivo,
253,Nmg6LnA9ONf5kKoErCbV,domingo,14:10:28.243000,"14:11:07,873","14:11:28,910","14:11:40,237",efectivo,
249,NWlZb9dfMhvgGmnwLasb,domingo,14:31:21.973000,"14:38:19,645","14:38:51,620","14:39:05,905",efectivo,
248,NSlYPqtI4YCAimtHWbe6,domingo,13:49:46.207000,"13:53:50,549","13:53:52,794","13:56:12,949",efectivo,"Fallo datafono, cambio a efectivo"
247,NJculFI9IyjR5RJJzCDU,domingo,11:34:41.424000,"11:39:17,500","11:39:50,022","11:40:04,918",Tarjeta,"Cajera estaba alistando todo antes de atender, solo 2 en servicio "
246,NIbVfU1bn63vw7VeTs74,domingo,12:56:59.221000,"12:58:09,551","12:58:24,793","12:58:52,988",Tarjeta,
244,N63ReJfuqfoFrMX4jD5i,domingo,12:58:16.781000,"12:58:54,853","12:59:17,653","12:59:44,306",efectivo,
241,MnbowGpUw9Oh92QOw9tY,domingo,13:24:07.813000,"13:26:38,495","13:26:44,570","13:27:19,538",Tarjeta,
239,MdRC6UpFLAsve7o0yMDn,domingo,13:16:17.954000,"13:19:19,479","13:19:25,193","13:19:49,175",Tarjeta,
232,LrVd24thpYtdG9Iqxaes,domingo,13:46:31.145000,"13:51:36,545","13:52:03,273","13:52:20,045",efectivo,
306,TEsIJG3yuicMObsmQKc0,domingo,13:06:45.082000,"13:13:06,013","13:13:19,928","13:13:35,325",efectivo,
231,Li1FdzRChQEH82n2WXaQ,domingo,13:53:06.635000,"14:00:15,261","14:00:34,668","14:00:45,875",Tarjeta,
229,LYvQW3Xy9YXRomO7eL5y,domingo,14:45:35.367000,"14:51:27,263","14:51:38,717","14:52:01,486",Tarjeta,
228,LTCCYaG5zKOpZZmTyRXc,domingo,13:54:28.076000,"14:01:44,092","14:01:59,051","14:02:11,047",Tarjeta,
226,LH0kHcG5h336Dev35zKn,domingo,14:24:24.855000,"14:31:43,903","14:31:57,655","14:32:11,892",Tarjeta,
225,L91xEj4qqN2rgHCSEyre,domingo,14:27:18.598000,"14:33:36,265","14:34:06,489","14:34:33,526",Tarjeta,
224,L36FhuU5jOaFJ1Cp5a1Q,domingo,12:41:04.279000,"12:41:22,966","12:41:39,084","12:41:49,234",efectivo,
220,KmsaoHK7QWI9tlixcEDu,domingo,14:35:18.360000,"14:41:31,535","14:41:53,276","14:42:04,911",efectivo,
219,Kj8TF1YlqEFObedRAzMK,domingo,13:07:22.607000,"13:16:22,837","13:16:33,454","13:16:35,820",efectivo,
217,KTWZC9ooIKErQ9HAmFQX,domingo,13:43:18.002000,"13:44:47,317","13:45:02,501","13:45:30,584",efectivo,
216,K8h5pWEFwmsoMt52XcH3,domingo,14:21:30.925000,"14:27:09,587","14:27:35,663","14:27:47,044",Tarjeta,
261,P0cIZQQmwnYDKPYtUPXi,domingo,11:44:13.877000,"11:45:05,666","11:45:53,186","11:46:04,724",Tarjeta,
262,P2ty8X0xRZStELdLo6Wp,domingo,11:50:32.398000,"11:53:54,238","11:54:03,351","11:54:50,413",efectivo,
263,P48Y8LYkvy6XvKAKNZjv,domingo,13:28:53.610000,"13:30:51,160","13:31:04,487","13:32:43,487",efectivo,"Esta lento datafono, pago en efectivo"
265,PBbhcM8nR1838brofVGe,domingo,14:18:36.580000,"14:19:56,622","14:20:26,915","14:20:31,655",efectivo,
305,TD8TEoSZ4MxBZN125BG3,domingo,14:46:25.240000,"14:52:54,406","14:53:05,798","14:53:39,558",Tarjeta,
304,TAhylOdg1xIUCpxNVqBh,domingo,13:20:24.026000,"13:23:51,710","13:24:02,493","13:24:32,846",efectivo,
303,T6EByzKigSotoIDkFjsl,domingo,14:21:21.717000,"14:26:32,214","14:26:39,050","14:27:03,407",efectivo,
301,SwE7UZgcWHjWvXzNm9tB,domingo,14:45:42.335000,"14:52:04,547","14:52:35,441","14:52:52,812",efectivo,
299,Sr9x4CwhjNIdokTtmlac,domingo,14:36:52.543000,"14:42:06,466","14:42:14,517","14:42:35,080",efectivo,
295,SXcU7MZpMhIBuNauUxgd,domingo,13:17:33.788000,"13:17:34,718","13:17:41,179","13:17:44,936",efectivo,
292,SRcfFBcif1Z5MQqQaCrW,domingo,14:51:22.074000,"14:58:12,912","14:58:27,787","14:58:28,229",efectivo,
290,SDvEBQ0OVcjQaEJJfMhC,domingo,14:05:20.533000,"14:07:09,861","14:07:29,473","14:08:09,806",Tarjeta,
287,RsbSS3VRnTxS9MxT7P55,domingo,12:16:17.574000,"12:16:22,152","12:16:37,530","12:17:00,756",efectivo,
285,RqeAYoyQhfx9TFx77ash,domingo,13:19:38.848000,"13:23:27,854","13:23:35,770","13:23:49,768",Tarjeta,
283,REYkgWNEUL5qrom3gbmM,domingo,14:20:03.365000,"14:22:51,875","14:23:22,388","14:23:43,052",efectivo,
282,RCrg92R3sWYyySORCPrt,domingo,14:58:51.300000,"15:06:33,780","15:06:54,529","15:07:27,082",efectivo,
281,QuQq7YQDRTGAdTzfJTa1,domingo,15:01:25.821000,"15:02:28,340","15:02:55,613","15:02:57,157",efectivo,
279,QmANNGVD9VSufAneY2tw,domingo,13:23:52.376000,"13:25:51,614","13:26:04,716","13:26:33,419",Tarjeta,
277,QgwJJ4GKQ5TuUr1uQG78,domingo,14:08:18.194000,"14:09:50,162","14:09:59,340","14:10:08,584",efectivo,
274,QFwm4WaSwcYVblafpenH,domingo,14:27:36.978000,"14:34:35,467","14:34:54,639","14:36:37,837",Tarjeta,Dos turno en uno
272,Pq47RtrTNdXMZRxrFTwl,domingo,12:48:17.799000,"12:49:32,071","12:49:47,718","12:49:55,024",efectivo,
271,PpuM986QfY01LlGh1B5y,domingo,14:13:40.303000,"14:17:02,164","14:17:27,766","14:18:14,869",efectivo,
270,PlxhS9A8cE1rYYX42RCH,domingo,12:42:41.405000,"12:44:09,010","12:44:20,270","12:44:28,085",efectivo,
269,Ph4okJnBvHgWsZv1bFML,domingo,14:41:28.666000,"14:47:27,793","14:47:35,953","14:48:40,364",Tarjeta,
268,PWA9QTBF4yjJEyYDzFRe,domingo,12:10:18.932000,"12:10:27,702","12:10:30,532","12:10:41,760",efectivo,
626,zqkb6SDahOI2WbQIZmO4,domingo,14:39:34.166000,"14:44:16,851","14:44:28,760","14:44:47,113",Tarjeta,
