,id,copas,gofres,bebidas,crepes,diaSemana,observacion,helados
0,0KNVXuPCDAkUaB8ZV9Fi,[],[],[],[],viernes,,"[{'inicio': '14:27:09,739', 'fin': '14:27:40,066'}, {'inicio': '14:27:40,788', 'fin': '14:27:51,234'}]"
1,0PUBZu6abxga7eqgYlmI,[],[],[],[],domingo,,"[{'inicio': '13:23:46,397', 'fin': '13:24:18,548'}]"
2,0Yp0BA1puO3Rxr7NMdEy,[],[],[],[],domingo,,"[{'inicio': '13:41:12,604', 'fin': '13:41:26,011'}]"
3,0eOmEWZGcP7bZlPXZF0h,[],[],[],[],sábado,,"[{'inicio': '13:58:57,860', 'fin': '13:59:21,352'}, {'inicio': '13:59:22,076', 'fin': '13:59:31,251'}]"
4,0heZFJMic03pxxu3iWln,[],[],"[{'inicio': '13:10:53,426', 'fin': '13:14:45,206'}]",[],domingo,Fueron dos malteadas,[]
5,0jq1jIwh8xWgq1DHInbV,[],[],[],[],sábado,Artesano,"[{'inicio': '13:05:31,907', 'fin': '13:07:36,550'}]"
6,0nwqhe6yY7cK2p6sdeat,[],[],[],[],domingo,,"[{'inicio': '13:39:00,978', 'fin': '13:39:26,331'}]"
7,0trDeASDAzOMeNbU9Bpz,[],[],[],[],domingo,,"[{'inicio': '14:16:53,903', 'fin': '14:17:13,678'}, {'inicio': '14:17:16,828', 'fin': '14:17:33,457'}, {'inicio': '14:17:35,679', 'fin': '14:17:55,581'}, {'inicio': '14:17:59,674', 'fin': '14:18:38,404'}]"
8,15I4GwuU05ghVtlvusMf,[],[],[],[],domingo,Artesano,"[{'inicio': '13:51:39,362', 'fin': '13:55:55,723'}]"
9,1Fd99IwdWZ5BLgGqhomn,[],[],[],[],domingo,,"[{'inicio': '15:06:28,473', 'fin': '15:07:05,969'}]"
10,1JUWNYPx5lnoqk0jjkya,[],[],[],[],domingo,,"[{'inicio': '14:26:27,098', 'fin': '14:26:33,521'}, {'inicio': '14:26:34,258', 'fin': '14:27:07,045'}]"
11,1dh5WAImO55KEczVhBG2,[],[],[],[],viernes,,"[{'inicio': '13:16:31,249', 'fin': '13:16:40,197'}]"
12,1qY0K75hbG6FPpEjhgc6,[],[],[],[],viernes,,"[{'inicio': '13:40:47,290', 'fin': '13:41:05,219'}]"
13,1wzk8pkNWWhw5Si4dnAx,[],[],[],[],viernes,,"[{'inicio': '14:59:57,167', 'fin': '15:00:19,766'}]"
14,21cjyOzzKOT4po55sx26,[],[],"[{'inicio': '13:08:32,661', 'fin': '13:10:20,928'}]",[],domingo,,[]
15,22CzWC5RS5ollpItVDSw,[],[],[],[],viernes,,"[{'inicio': '13:58:07,413', 'fin': '13:58:52,389'}]"
16,2CNNGfWm2YS59tlafVMi,[],[],[],[],viernes,,"[{'inicio': '14:09:13,383', 'fin': '14:09:37,563'}]"
17,2EZLIgBPZbGYWvxWokAe,[],[],[],[],domingo,,"[{'inicio': '14:14:49,658', 'fin': '14:15:11,724'}]"
18,2LIct61F2iTkk7aPZyPO,[],[],[],[],domingo,Dos pepa pigd ,"[{'inicio': '14:51:56,666', 'fin': '14:52:30,473'}, {'inicio': '14:52:36,165', 'fin': '14:54:00,527'}, {'inicio': '14:54:05,616', 'fin': '14:54:47,916'}]"
19,2XflNvJLVLjg4mgnmqu1,[],[],[],[],sábado,,"[{'inicio': '13:40:43,069', 'fin': '13:40:58,084'}, {'inicio': '13:41:13,620', 'fin': '13:41:33,601'}]"
20,2jrC4qQvDvWkJ45GAVca,[],"[{'inicio': '14:21:02,537', 'fin': '14:28:31,195'}]",[],[],viernes,,[]
21,30kAOZeZ21FsZxLVPFcH,[],[],[],[],sábado,,"[{'inicio': '14:21:30,529', 'fin': '14:21:50,247'}]"
22,3VPkmMnB7PY90EGrr81o,[],[],[],[],domingo,Artesano ,"[{'inicio': '14:51:14,620', 'fin': '14:52:40,092'}]"
23,3Xx0oFyoeC4d0Aliyk08,[],[],[],[],domingo,,"[{'inicio': '14:50:01,011', 'fin': '14:50:21,139'}, {'inicio': '14:50:21,677', 'fin': '14:51:06,733'}]"
24,3tYEpEFV2qFo0RFJRoul,[],[],[],[],domingo,,"[{'inicio': '14:29:17,551', 'fin': '14:29:28,117'}]"
25,3v3PAck68nOdT3tZhDbY,[],[],[],[],domingo,,"[{'inicio': '12:23:41,690', 'fin': '12:23:56,166'}, {'inicio': '12:24:19,818', 'fin': '12:24:41,819'}]"
26,43mbNrY7E0kyImF7jL6F,[],[],[],"[{'inicio': '13:30:46,189', 'fin': '13:33:04,462'}]",domingo,,"[{'inicio': '13:29:01,408', 'fin': '13:29:43,954'}]"
27,44SzArQv021ITq5uCY0k,[],[],[],[],domingo,,"[{'inicio': '15:04:24,928', 'fin': '15:04:37,256'}, {'inicio': '15:04:40,089', 'fin': '15:04:56,073'}]"
28,47H3I6fWtSBroR3SX4PS,"[{'inicio': '13:50:02,777', 'fin': '13:50:49,974'}]",[],[],[],sábado,,[]
29,4AfSq3vvdWym1eqOzf0i,[],[],[],[],domingo,,"[{'inicio': '14:18:49,326', 'fin': '14:19:05,076'}, {'inicio': '14:19:07,777', 'fin': '14:19:34,135'}]"
30,4JlRSImFouBLNafIOmcY,[],[],[],[],domingo,,"[{'inicio': '14:09:29,024', 'fin': '14:09:49,445'}, {'inicio': '14:09:55,138', 'fin': '14:10:10,270'}]"
31,4QAL3HHUZrClDTaWhV6D,[],[],[],[],domingo,,"[{'inicio': '14:09:40,852', 'fin': '14:09:52,667'}, {'inicio': '14:09:53,198', 'fin': '14:10:02,637'}]"
32,4SBwQqbWYybUpINNdiSX,[],[],[],[],viernes,,"[{'inicio': '15:00:41,781', 'fin': '15:01:10,063'}]"
33,4SyNSIXwWZPlaxzsUwZm,[],[],"[{'inicio': '12:42:31,342', 'fin': '12:43:05,099'}]",[],domingo,,"[{'inicio': '12:43:10,791', 'fin': '12:43:44,592'}, {'inicio': '12:43:45,667', 'fin': '12:44:00,100'}]"
34,4lgldcCgzkH28he7rOfF,[],[],[],[],sábado,Artesano,"[{'inicio': '13:00:56,669', 'fin': '13:03:16,472'}]"
35,4q9uVSI92N20KKtoAGWr,[],[],[],[],domingo,,"[{'inicio': '14:29:35,359', 'fin': '14:29:43,965'}, {'inicio': '14:29:44,458', 'fin': '14:29:51,083'}, {'inicio': '14:29:56,584', 'fin': '14:30:05,706'}]"
36,50w7nMyQmm3Yh8eDdI2l,[],[],[],[],domingo,Artesano ,"[{'inicio': '14:58:40,857', 'fin': '15:00:10,028'}]"
37,5BxrqKOoufhvaYVRAP6I,"[{'inicio': '13:42:30,988', 'fin': '13:43:36,066'}]",[],[],[],sábado,,[]
38,5FTCs661LOn8iPRQpOsA,[],[],[],[],domingo,,"[{'inicio': '14:34:22,510', 'fin': '14:34:43,795'}]"
39,5Qrp9u3JvYQyf1OMmdnN,"[{'inicio': '12:42:26,767', 'fin': '12:43:10,416'}]",[],[],[],domingo,,[]
40,5gUjAQNlJyFPjQz8Q1It,[],[],[],[],domingo,Artesano ,"[{'inicio': '14:42:40,415', 'fin': '14:45:08,145'}]"
41,64i45Xeek3pwsxDAM2eq,"[{'inicio': '13:30:36,733', 'fin': '13:31:42,774'}]",[],[],[],sábado,,[]
42,65OAmbxMrQJ4yKXyRVdI,[],[],"[{'inicio': '14:19:31,257', 'fin': '14:27:05,105'}]",[],domingo,Dos malteadas ,[]
43,6729RreiBrGnKKgMWmvm,"[{'inicio': '14:28:02,828', 'fin': '14:29:45,178'}]",[],[],[],viernes,,[]
44,697PwHrm91ldakiWwIcN,"[{'inicio': '12:22:16,503', 'fin': '12:22:34,797'}]",[],[],[],sábado,,[]
45,6NpVzCf8K4kKy9TurIyi,[],[],[],[],domingo,,"[{'inicio': '13:29:32,163', 'fin': '13:29:44,176'}]"
46,6OBYMxOp8DX7xc4dw2LO,[],[],[],[],domingo,,"[{'inicio': '15:05:17,270', 'fin': '15:05:56,247'}]"
47,6OWtxbGoZxHtW4531Lkm,[],[],[],[],domingo,,"[{'inicio': '14:19:43,565', 'fin': '14:19:56,932'}]"
48,6PxgzNJQT5Il21om9XdN,[],[],[],[],domingo,,"[{'inicio': '13:03:53,919', 'fin': '13:04:12,851'}]"
49,6QPqFkecYoADe1oWE1cj,[],[],[],[],domingo,,"[{'inicio': '15:09:25,663', 'fin': '15:09:34,668'}, {'inicio': '15:09:35,159', 'fin': '15:09:45,049'}]"
50,6QcVmhZSt7pDqso3lVEx,[],[],[],[],viernes,,"[{'inicio': '13:34:09,034', 'fin': '13:34:32,148'}]"
51,6RHObKb0oqXfsqIQfp5L,"[{'inicio': '13:53:42,603', 'fin': '13:56:27,290'}]",[],[],[],domingo,Si dos copas ,[]
52,6RPcct2bfMFpsT8aPcPl,[],[],[],[],domingo,,"[{'inicio': '13:36:44,090', 'fin': '13:37:03,939'}, {'inicio': '13:37:19,936', 'fin': '13:37:48,379'}]"
53,6XOvBAq5k6nGsmVVU7qw,[],[],[],[],domingo,Artesano ,"[{'inicio': '14:57:19,335', 'fin': '14:58:26,091'}]"
54,6Xxcttkzj8jz3AopD9hP,[],[],"[{'inicio': '12:20:31,215', 'fin': '12:23:10,458'}]",[],domingo,,[]
55,6mWxDviwWGfOTnedsntw,[],[],[],[],domingo,,"[{'inicio': '14:24:22,153', 'fin': '14:24:33,126'}, {'inicio': '14:24:34,372', 'fin': '14:24:49,014'}, {'inicio': '14:24:49,590', 'fin': '14:25:20,783'}, {'inicio': '14:25:28,802', 'fin': '14:26:14,496'}]"
56,72qUIvh5YB9L9eeoNrZP,[],[],"[{'inicio': '14:56:20,560', 'fin': '14:59:48,092'}]",[],domingo,,[]
57,74hArtJGFLMhzGyL9qAO,[],[],[],[],domingo,,"[{'inicio': '11:48:23,024', 'fin': '11:48:28,703'}]"
58,75LEYko60n8CqNTYEauS,[],[],[],[],domingo,,"[{'inicio': '11:57:47,063', 'fin': '11:58:01,152'}, {'inicio': '11:58:02,518', 'fin': '11:58:30,886'}, {'inicio': '11:58:36,074', 'fin': '11:59:14,027'}, {'inicio': '11:59:19,045', 'fin': '11:59:55,020'}, {'inicio': '12:00:02,110', 'fin': '12:00:15,051'}]"
59,78RYCQO5Yq2GfcjOzZ62,"[{'inicio': '13:53:56,860', 'fin': '13:54:20,743'}]",[],[],[],sábado,,"[{'inicio': '13:53:49,982', 'fin': '13:54:18,829'}]"
60,7Ea3lz1pNl0kLIqj49pY,[],[],[],[],domingo,,"[{'inicio': '13:46:36,880', 'fin': '13:46:45,349'}, {'inicio': '13:46:47,709', 'fin': '13:47:00,829'}]"
61,7PjiZwgpCJb6gNZ1SAFj,[],[],[],[],domingo,Artesano,"[{'inicio': '13:45:59,284', 'fin': '13:47:28,613'}]"
62,7RjRDCIiBmmsF26UX52X,[],[],[],[],domingo,,"[{'inicio': '14:13:25,559', 'fin': '14:13:38,428'}]"
63,7YAdgEQuCeg8sjdIMraA,[],[],[],[],domingo,,"[{'inicio': '14:08:25,951', 'fin': '14:09:09,016'}]"
64,7bp7eEDCg6ZxBLOUDJzZ,[],"[{'inicio': '14:08:48,934', 'fin': '14:10:20,537'}]",[],[],sábado,,[]
65,7ibktCTajXUWa2hLvFvp,"[{'inicio': '14:37:58,195', 'fin': '14:38:16,917'}]",[],[],[],domingo,,[]
66,7x3ZBfrdBXkKuvq56PRs,[],[],[],[],domingo,Llego una cuarta persona,"[{'inicio': '13:35:54,461', 'fin': '13:36:04,587'}, {'inicio': '13:36:05,497', 'fin': '13:36:20,911'}, {'inicio': '13:36:21,852', 'fin': '13:36:28,767'}, {'inicio': '13:36:35,724', 'fin': '13:36:45,089'}, {'inicio': '13:36:50,437', 'fin': '13:37:04,810'}]"
67,7zyBqTX0fWpeICCdX2tf,[],"[{'inicio': '13:30:58,415', 'fin': '13:32:35,927'}]",[],[],domingo,,"[{'inicio': '13:29:57,955', 'fin': '13:30:12,738'}, {'inicio': '13:30:19,498', 'fin': '13:30:53,145'}]"
68,8PMw8UuYw8jyKNAVnPwd,[],[],[],[],viernes,,"[{'inicio': '13:53:47,219', 'fin': '13:54:00,937'}]"
69,8V1Bfp6b4N1Y0Rlm0xpe,"[{'inicio': '13:44:07,909', 'fin': '13:44:41,775'}]",[],[],[],sábado,,"[{'inicio': '13:42:46,483', 'fin': '13:44:07,060'}]"
70,8nr9rTWXW4obH1VWzZF9,[],[],[],[],sábado,,"[{'inicio': '12:38:06,515', 'fin': '12:38:30,390'}, {'inicio': '12:38:32,222', 'fin': '12:38:52,841'}, {'inicio': '12:38:53,606', 'fin': '12:39:18,363'}]"
71,8pwr55UAoGc77MyleN8y,[],[],[],[],viernes,,"[{'inicio': '13:12:03,010', 'fin': '13:13:40,068'}]"
72,8vMXW25RrRvBzWSLaYRH,[],[],[],[],domingo,,"[{'inicio': '14:56:02,544', 'fin': '14:56:18,034'}]"
73,8wvWAXSLUc6ZEMmCRd9z,[],[],[],[],sábado,,"[{'inicio': '12:13:40,181', 'fin': '12:15:02,182'}]"
74,8xM0629ouyI5ED4iv0aS,[],[],[],[],domingo,,"[{'inicio': '13:21:47,373', 'fin': '13:22:34,915'}]"
75,9BqtusxzKklRUAI1wEKK,[],[],[],[],domingo,Artesano,"[{'inicio': '11:52:06,411', 'fin': '11:53:33,143'}]"
76,9ERi6YragvhunWFcmSNj,[],"[{'inicio': '14:26:31,905', 'fin': '14:31:06,025'}]",[],[],viernes,,[]
77,9G7r7SCiRJ6MdKkVvVQZ,[],[],[],[],viernes,,"[{'inicio': '13:34:44,775', 'fin': '13:35:06,612'}, {'inicio': '13:35:45,155', 'fin': '13:36:04,454'}]"
78,9HmCKOD5BvSVTf4sJPRt,[],[],[],[],sábado,,"[{'inicio': '13:47:24,875', 'fin': '13:47:51,436'}]"
79,9Md7kinGzcsUZ0iEGHTe,[],[],[],[],sábado,,"[{'inicio': '14:15:28,779', 'fin': '14:15:55,277'}]"
80,9YCA83PWvOfIHufqxT5y,"[{'inicio': '14:30:41,966', 'fin': '14:34:26,413'}]",[],[],[],domingo,4 copas,[]
81,9bJL5NFX8ZnfXbgZ8CnN,[],[],[],[],domingo,Segundo es un artesano,"[{'inicio': '12:56:43,072', 'fin': '12:56:54,071'}, {'inicio': '12:56:55,965', 'fin': '12:59:23,796'}]"
82,9exrWfTMGiepQQJo0t6K,"[{'inicio': '14:19:27,988', 'fin': '14:20:34,472'}]",[],[],[],viernes,,[]
83,9jWwtEMIXhgW8inRq8bq,[],[],[],[],domingo,,"[{'inicio': '14:58:01,520', 'fin': '14:58:17,810'}]"
84,9lxF5DaK163dXZYkybFv,[],[],[],[],domingo,,"[{'inicio': '13:49:31,264', 'fin': '13:49:42,620'}, {'inicio': '13:49:43,675', 'fin': '13:49:50,325'}]"
85,9sxYeXtRPJFfkUZnEKUD,"[{'inicio': '13:08:29,734', 'fin': '13:10:40,455'}]",[],[],[],sábado,,[]
86,ACEbCbU7edSB0Ns5HKQB,[],[],[],"[{'inicio': '13:00:40,224', 'fin': '13:10:31,251'}, {'inicio': '13:11:31,410', 'fin': '13:15:26,109'}]",domingo,,[]
87,ADrKWcHv0n70UZIxhIlH,[],[],[],[],viernes,,"[{'inicio': '12:45:23,267', 'fin': '12:45:52,296'}]"
88,AHKgdMc0mamf1Vx42yTi,[],[],[],[],sábado,,"[{'inicio': '13:44:59,278', 'fin': '13:45:08,494'}, {'inicio': '13:45:09,611', 'fin': '13:45:19,880'}]"
89,ALAdHU4fqaNqeO4lWU7D,[],[],[],[],domingo,,"[{'inicio': '15:03:02,277', 'fin': '15:03:15,115'}]"
90,AT8UmDnWAC5f9IFtczNy,[],[],[],[],sábado,,"[{'inicio': '12:07:41,139', 'fin': '12:08:00,018'}]"
91,AcG9s2EW27Xfch7uBCvC,[],[],[],[],domingo,,"[{'inicio': '14:31:59,252', 'fin': '14:32:12,853'}, {'inicio': '14:32:13,967', 'fin': '14:32:23,893'}, {'inicio': '14:32:24,411', 'fin': '14:32:37,675'}, {'inicio': '14:32:38,248', 'fin': '14:32:49,123'}]"
92,AkGes53pzYdgSAbecvI4,"[{'inicio': '14:31:43,369', 'fin': '14:33:46,082'}]",[],[],[],sábado,,[]
93,AlUJAMn7ywYdoeTP1Atd,[],[],[],[],sábado,,"[{'inicio': '13:37:12,361', 'fin': '13:37:52,798'}, {'inicio': '13:37:53,731', 'fin': '13:38:05,800'}, {'inicio': '13:38:09,351', 'fin': '13:38:27,690'}]"
94,AtwoHeSnjiqfE8fFtzIa,[],[],[],"[{'inicio': '14:24:28,469', 'fin': '14:27:43,451'}]",domingo,,[]
95,B0jo3qFEkpgupbndaLBs,[],[],[],[],sábado,,"[{'inicio': '13:48:02,779', 'fin': '13:48:27,347'}]"
96,B320KrJReXi7ANdhvi9o,"[{'inicio': '14:44:32,536', 'fin': '14:48:46,242'}]",[],[],[],viernes,Artesano ,[]
97,B6Lcah3CdYdkVvmcHVWR,[],[],[],[],domingo,,"[{'inicio': '13:20:05,586', 'fin': '13:20:12,715'}, {'inicio': '13:20:31,132', 'fin': '13:20:37,503'}, {'inicio': '13:20:38,504', 'fin': '13:20:47,804'}]"
98,B767K5PKzAQmfEfcAuxc,[],"[{'inicio': '12:59:29,322', 'fin': '13:06:08,020'}]",[],[],sábado,,[]
99,BAFPflwHMbR4xTy5b7Rv,[],[],[],[],sábado,,"[{'inicio': '13:58:48,013', 'fin': '13:58:52,945'}]"
100,BIxShdFL4tHly7S3RSNF,[],[],[],[],domingo,,"[{'inicio': '14:25:49,733', 'fin': '14:26:08,595'}, {'inicio': '14:26:11,333', 'fin': '14:26:43,898'}]"
101,BNHBipUKsq5Sh3e0Auod,[],[],[],[],viernes,,"[{'inicio': '15:01:31,483', 'fin': '15:01:52,819'}]"
102,BPtA5ZzssdJUKbq2lYBG,[],[],[],[],domingo,,"[{'inicio': '14:27:09,027', 'fin': '14:27:18,731'}, {'inicio': '14:27:20,218', 'fin': '14:28:01,253'}]"
103,BThNpgqY47W7KelhHQ74,[],[],[],[],viernes,,"[{'inicio': '13:11:21,384', 'fin': '13:13:37,217'}]"
104,BW5rso5ONQZfqEmhT5Ji,[],[],[],[],domingo,,"[{'inicio': '14:45:30,274', 'fin': '14:45:56,481'}]"
105,Bc8wfKQxzg9mU7FYEn2Q,[],[],[],[],domingo,,"[{'inicio': '14:14:30,744', 'fin': '14:14:38,439'}, {'inicio': '14:14:39,002', 'fin': '14:14:58,875'}, {'inicio': '14:14:59,883', 'fin': '14:15:22,497'}, {'inicio': '14:15:23,331', 'fin': '14:15:44,622'}]"
106,BrcFL8FE3EYtVjTt1MC3,[],[],[],[],domingo,,"[{'inicio': '13:21:59,579', 'fin': '13:22:15,912'}]"
107,Bryz3f7yzD0cnd2Ds3kc,[],[],[],[],sábado,,"[{'inicio': '13:41:16,741', 'fin': '13:41:42,858'}]"
108,BsDlooaFMxcsUxfmHTgQ,[],[],[],[],sábado,,"[{'inicio': '14:00:19,905', 'fin': '14:00:23,199'}]"
109,C7pB54wPj6soPonmZnwn,"[{'inicio': '11:50:27,197', 'fin': '11:51:04,218'}]",[],[],[],domingo,,[]
110,CB4TSQwVlZCB2s8bv4l6,"[{'inicio': '11:45:52,300', 'fin': '11:46:36,686'}]",[],[],[],domingo,,[]
111,CBKMTlzgLenrdJfFKgTM,[],[],[],[],domingo,,"[{'inicio': '12:59:29,747', 'fin': '12:59:54,658'}, {'inicio': '12:59:56,654', 'fin': '13:00:08,818'}]"
112,CHVzOUtJQJczUd0jPlpL,[],[],"[{'inicio': '13:55:15,942', 'fin': '13:55:56,112'}]",[],sábado,,[]
113,CIkNA8kn3APgVcREl3Ec,"[{'inicio': '14:34:26,761', 'fin': '14:39:21,390'}]",[],[],[],domingo,Tres copas ,[]
114,CUIyPyrMa190xXzLgqcL,[],[],[],[],domingo,,"[{'inicio': '13:20:45,693', 'fin': '13:21:07,364'}]"
115,CVD6qZJZLoPrwGcOt8sr,[],[],[],[],viernes,,"[{'inicio': '14:43:16,120', 'fin': '14:43:43,530'}]"
116,CjCO50A968JMlVVUg9f5,[],[],[],[],domingo,,"[{'inicio': '11:50:48,034', 'fin': '11:50:57,906'}]"
117,Cphm1fmlrbFjx6cYV4yV,[],[],[],[],sábado,,"[{'inicio': '13:44:20,445', 'fin': '13:44:34,754'}]"
118,Cpm84VwzoPZD3VKdICC5,[],[],[],[],domingo,,"[{'inicio': '13:49:06,568', 'fin': '13:49:26,956'}, {'inicio': '13:49:47,032', 'fin': '13:49:51,549'}]"
119,D11qd6P20BfGKwl0Pq3F,[],[],[],[],viernes,,"[{'inicio': '13:42:21,305', 'fin': '13:42:40,419'}]"
120,D153PDFLNnPnNv4bfhHz,"[{'inicio': '15:00:45,835', 'fin': '15:02:46,987'}]",[],[],[],domingo,,[]
121,D8EqWJkbOieel35xr3bh,"[{'inicio': '12:58:59,351', 'fin': '12:59:13,071'}, {'inicio': '12:59:13,815', 'fin': '12:59:28,949'}]",[],[],[],domingo,,"[{'inicio': '12:59:29,621', 'fin': '12:59:43,566'}, {'inicio': '12:59:44,191', 'fin': '13:00:01,262'}, {'inicio': '13:00:03,125', 'fin': '13:00:18,751'}]"
122,DCGrmAbSyj9dxlCD8KFF,[],[],[],[],sábado,Artesano ,"[{'inicio': '12:19:25,187', 'fin': '12:21:40,287'}]"
123,DM6W5qSTaz1JKndNDxzw,[],[],[],[],domingo,,"[{'inicio': '14:11:23,450', 'fin': '14:11:31,711'}]"
124,DgWXigTNcs5NHSmLSOBo,"[{'inicio': '13:56:37,878', 'fin': '13:57:42,462'}]",[],[],[],domingo,,[]
125,DmqqqYw0wtDTXvXrdSTk,"[{'inicio': '13:34:58,780', 'fin': '13:36:10,458'}, {'inicio': '13:37:20,825', 'fin': '13:40:01,358'}]",[],"[{'inicio': '13:36:33,249', 'fin': '13:37:13,647'}]",[],viernes,,"[{'inicio': '13:37:59,906', 'fin': '13:39:00,127'}]"
126,E5UqKxGyosvLkOLCncis,[],[],[],[],sábado,,"[{'inicio': '12:54:49,689', 'fin': '12:55:15,753'}]"
127,EF5H3GQXUWu5eogqMq0C,[],[],[],"[{'inicio': '14:50:31,538', 'fin': '14:54:43,476'}]",domingo,,[]
128,EGe6ZJEmAZmqBdjlkcK7,"[{'inicio': '14:54:09,732', 'fin': '14:55:19,180'}]",[],[],[],viernes,,[]
129,EHVEVHUVRxm4sCRO8sxx,[],[],[],[],domingo,,"[{'inicio': '15:00:48,115', 'fin': '15:01:21,160'}]"
130,EIc60JTFh92Vv6elQUGm,"[{'inicio': '14:22:13,269', 'fin': '14:22:57,058'}]",[],[],[],sábado,,"[{'inicio': '14:22:06,402', 'fin': '14:22:26,280'}]"
131,EMOk4w5y3Gt6m7Dk8FEa,"[{'inicio': '14:34:18,349', 'fin': '14:35:19,643'}]",[],[],[],viernes,,[]
132,EgDBOa4ylIoPBkmQkw8d,"[{'inicio': '14:29:40,040', 'fin': '14:32:44,305'}]",[],[],[],domingo,,[]
133,EjV9X2OQbWTAsA1rllmE,[],[],[],[],domingo,,"[{'inicio': '14:12:22,636', 'fin': '14:12:52,185'}, {'inicio': '14:13:01,758', 'fin': '14:13:11,667'}, {'inicio': '14:13:14,420', 'fin': '14:13:34,440'}]"
134,Eyu7dWj2dd3ep478ZtV8,"[{'inicio': '13:12:29,540', 'fin': '13:13:40,029'}]",[],[],[],sábado,,[]
135,FQSmuoI5WaAPbIqCQnWL,[],[],[],[],sábado,,"[{'inicio': '14:22:41,950', 'fin': '14:23:22,024'}]"
136,FSfytIxdf02VJJlirEE4,[],[],[],"[{'inicio': '14:12:02,102', 'fin': '14:15:16,291'}]",sábado,,[]
137,FVjbbaW4bMvLAsBza0WO,[],[],[],[],sábado,,"[{'inicio': '14:32:04,489', 'fin': '14:32:28,108'}]"
138,FbfB0A11t7I43l6H435f,[],[],[],[],domingo,,"[{'inicio': '15:07:43,787', 'fin': '15:08:21,176'}]"
139,FgP6hxKjx7PBBN0xK3Pj,[],[],[],[],viernes,,"[{'inicio': '14:48:53,767', 'fin': '14:49:10,377'}]"
140,FifOW3Pfun4nquMv4VCx,[],[],[],"[{'inicio': '14:07:29,519', 'fin': '14:10:26,466'}]",sábado,,[]
141,FkF2CWyWSvr6K8lefC6D,[],[],[],[],sábado,,"[{'inicio': '13:40:18,143', 'fin': '13:40:37,910'}, {'inicio': '13:40:39,003', 'fin': '13:40:59,090'}]"
142,FkrsrcZ0krX2iuDGWdwm,[],[],[],[],domingo,,"[{'inicio': '13:04:19,356', 'fin': '13:04:49,311'}, {'inicio': '13:04:55,948', 'fin': '13:05:18,990'}, {'inicio': '13:05:29,389', 'fin': '13:05:42,706'}]"
143,FouO6idmOrG4KZKNptH2,[],[],[],[],domingo,,"[{'inicio': '14:47:09,997', 'fin': '14:47:52,198'}, {'inicio': '14:47:53,055', 'fin': '14:48:01,115'}, {'inicio': '14:48:03,521', 'fin': '14:48:31,946'}, {'inicio': '14:48:35,431', 'fin': '14:48:44,255'}, {'inicio': '14:48:47,124', 'fin': '14:48:55,876'}, {'inicio': '14:49:06,498', 'fin': '14:49:21,765'}, {'inicio': '14:49:23,467', 'fin': '14:49:52,518'}]"
144,G0y7gyNYpoLa9i6A9EAW,"[{'inicio': '12:13:14,514', 'fin': '12:16:49,554'}]",[],"[{'inicio': '12:15:24,246', 'fin': '12:19:06,255'}]",[],domingo,Son 2 copas,[]
145,GVgagxRRGkJTihOU03zr,"[{'inicio': '13:55:12,363', 'fin': '13:55:38,537'}]",[],[],[],sábado,,"[{'inicio': '13:55:25,685', 'fin': '13:55:49,438'}]"
146,GfXdGYMFRzzJSQX0Cszh,[],[],[],[],domingo,,"[{'inicio': '12:06:55,410', 'fin': '12:07:17,474'}]"
147,GglM0EW7GQdhsakVwdwo,[],[],[],[],viernes,,"[{'inicio': '14:02:38,600', 'fin': '14:03:11,443'}]"
148,Gls6OWeRJiktejyZQede,[],"[{'inicio': '13:48:08,325', 'fin': '13:55:01,293'}, {'inicio': '13:55:02,490', 'fin': '13:56:58,639'}]",[],[],domingo,Unir los dos tiempos de gofre,"[{'inicio': '13:48:42,991', 'fin': '13:49:20,705'}]"
149,H8Upu0wzvsv3iGgDu6tH,[],[],[],[],domingo,,"[{'inicio': '14:37:35,296', 'fin': '14:37:37,166'}, {'inicio': '14:37:38,767', 'fin': '14:38:26,370'}]"
150,HEmMeFVC6zK5ylvyc6A9,[],[],[],[],domingo,,"[{'inicio': '14:04:45,093', 'fin': '14:04:50,828'}, {'inicio': '14:04:51,902', 'fin': '14:04:55,333'}, {'inicio': '14:04:56,291', 'fin': '14:05:11,615'}, {'inicio': '14:05:20,392', 'fin': '14:05:28,760'}, {'inicio': '14:05:29,526', 'fin': '14:05:35,829'}]"
151,HFqu2PHTYQh9KZs0Pm0s,[],[],[],[],domingo,,"[{'inicio': '13:36:37,978', 'fin': '13:36:47,155'}, {'inicio': '13:36:53,322', 'fin': '13:36:57,664'}, {'inicio': '13:37:13,793', 'fin': '13:37:20,777'}, {'inicio': '13:37:46,062', 'fin': '13:37:50,032'}]"
152,HpYaXIdjnNfsKV0L8crW,[],[],[],[],domingo,Artesano,"[{'inicio': '13:39:35,277', 'fin': '13:42:21,435'}]"
153,IAsw4Ddu0JvcseD3YbFM,[],[],[],[],viernes,,"[{'inicio': '13:27:38,227', 'fin': '13:27:55,375'}]"
154,IORaGu3IY5kWhmih1vPQ,[],[],[],[],domingo,,"[{'inicio': '13:10:08,241', 'fin': '13:11:22,261'}]"
155,IS0Y7aGjnxmkun63kHpX,[],[],[],[],domingo,,"[{'inicio': '14:17:58,971', 'fin': '14:18:07,415'}, {'inicio': '14:18:09,758', 'fin': '14:18:26,324'}, {'inicio': '14:18:28,207', 'fin': '14:18:44,554'}]"
156,IXUp0T8xTEcaUMMY0iFb,[],[],[],[],domingo,,"[{'inicio': '15:03:29,440', 'fin': '15:04:41,990'}, {'inicio': '15:04:46,516', 'fin': '15:05:32,975'}]"
157,IgmXoFYNWxkgytwYN5VZ,[],[],[],[],domingo,,"[{'inicio': '12:43:26,718', 'fin': '12:43:33,579'}, {'inicio': '12:43:34,055', 'fin': '12:43:38,587'}]"
158,Ik4HGXDfTPo5HH88Ntli,[],[],[],[],domingo,,"[{'inicio': '14:02:15,644', 'fin': '14:02:30,639'}, {'inicio': '14:02:38,494', 'fin': '14:02:51,507'}, {'inicio': '14:02:52,819', 'fin': '14:03:00,269'}]"
159,IkJeIdfRAwWU2RKB9R0q,[],"[{'inicio': '14:42:37,721', 'fin': '14:44:08,285'}]",[],[],domingo,,[]
160,IvyBnUeRSls2n9dZAifV,[],[],[],[],domingo,,"[{'inicio': '14:00:55,351', 'fin': '14:01:38,296'}, {'inicio': '14:01:39,735', 'fin': '14:02:31,504'}]"
161,IzD6GNULfTlSNou337Oh,[],[],[],[],viernes,,"[{'inicio': '13:53:11,608', 'fin': '13:53:42,652'}]"
162,J7rIiKuMtBcTVSBYGWyT,[],[],[],[],domingo,,"[{'inicio': '13:53:14,816', 'fin': '13:53:30,712'}]"
163,JF29BkCGEVh1qrFiZPJF,"[{'inicio': '13:31:24,783', 'fin': '13:32:31,344'}]",[],[],[],viernes,,[]
164,JOuynJv3QvMvqEDjXj7i,[],[],[],[],viernes,,"[{'inicio': '14:19:48,541', 'fin': '14:20:14,500'}]"
165,JSsrTQVyHLy5cg5gz0ph,"[{'inicio': '13:06:45,043', 'fin': '13:10:42,132'}]",[],[],[],sábado,,[]
166,JSz70xVr6aaOhlQhHi0n,[],[],"[{'inicio': '14:17:26,887', 'fin': '14:17:54,490'}]","[{'inicio': '14:13:20,296', 'fin': '14:17:51,016'}]",viernes,,[]
167,JSzidwwD9dg6sEJhXYUd,"[{'inicio': '13:08:52,860', 'fin': '13:10:07,387'}]",[],[],[],viernes,,[]
168,JaqbLAmmX8ypXuD1Jw9h,"[{'inicio': '14:00:55,475', 'fin': '14:02:12,760'}]",[],[],[],domingo,,[]
169,JotU7zjrCwjUHAHpj5dQ,[],[],[],[],sábado,,"[{'inicio': '12:24:57,065', 'fin': '12:25:05,798'}]"
170,JsH6wTAfdMjqTwScVITW,[],"[{'inicio': '12:59:25,270', 'fin': '13:04:50,796'}]",[],[],viernes,,[]
171,JzYvj74hze0aq4rZ0oUW,[],[],[],[],sábado,,"[{'inicio': '13:41:45,418', 'fin': '13:41:50,966'}]"
172,K7WpWwg8lOGcxYTYy2Rg,"[{'inicio': '14:03:05,195', 'fin': '14:07:25,043'}]",[],[],[],domingo,Son tres  copas ,[]
173,KBS1AiPghMdAMJUc66La,[],"[{'inicio': '13:48:24,585', 'fin': '13:56:34,195'}]",[],[],viernes,,"[{'inicio': '13:49:02,080', 'fin': '13:49:44,305'}]"
174,KZCCLar8za9FEiztxBU4,"[{'inicio': '15:01:28,610', 'fin': '15:01:59,974'}]",[],[],[],domingo,,[]
175,KsX1rKWiGHK1cqvKJ9mi,[],[],[],[],viernes,,"[{'inicio': '13:18:01,643', 'fin': '13:18:19,507'}]"
176,L37Bt0cvbOWvpIvyj2XS,"[{'inicio': '13:31:19,847', 'fin': '13:34:06,784'}]",[],[],[],domingo,,"[{'inicio': '13:34:15,049', 'fin': '13:34:29,038'}, {'inicio': '13:34:30,064', 'fin': '13:34:58,859'}]"
177,LC2pfyqIkFwdRgsumVJt,[],"[{'inicio': '14:28:11,470', 'fin': '14:33:54,010'}]",[],[],domingo,,[]
178,LGWg7vApdda6iO7yOMYQ,[],[],[],[],sábado,,"[{'inicio': '12:31:34,236', 'fin': '12:32:56,117'}]"
179,LQifOdsYpZnrt1Nu762V,[],[],[],[],viernes,,"[{'inicio': '13:14:35,549', 'fin': '13:15:08,027'}]"
180,LVHvmOKZGbnFuFI29ZSf,"[{'inicio': '14:07:50,496', 'fin': '14:10:16,218'}]",[],[],[],domingo,Dos pighued +  dos copas ,"[{'inicio': '14:06:57,017', 'fin': '14:07:45,748'}]"
181,LdbNr4k4JB6cmSYpNX3j,[],[],[],[],domingo,,"[{'inicio': '14:47:27,933', 'fin': '14:47:36,087'}, {'inicio': '14:47:38,296', 'fin': '14:47:44,616'}]"
182,Lf6yFmEscPTCX49Akka8,[],[],[],[],domingo,,"[{'inicio': '12:44:25,389', 'fin': '12:44:56,880'}, {'inicio': '12:44:57,502', 'fin': '12:45:25,132'}]"
183,LqLZy5OsoRzM3smGKcme,[],[],[],[],viernes,,"[{'inicio': '13:33:57,365', 'fin': '13:34:13,227'}]"
184,LsYubQTpaeKofyHHA1aY,[],[],[],[],sábado,,"[{'inicio': '14:30:51,184', 'fin': '14:31:37,074'}]"
185,LzAJh55jO1hAoqGBEM3g,"[{'inicio': '13:39:49,460', 'fin': '13:42:44,673'}]",[],[],[],sábado,,[]
186,MBALmcvtwdVC5uaTXqip,"[{'inicio': '14:27:58,993', 'fin': '14:30:01,932'}]",[],[],[],sábado,,[]
187,MGQr4OFdO06e0IcLQihA,[],"[{'inicio': '14:43:13,090', 'fin': '14:44:05,186'}]",[],[],domingo,,[]
188,MGqXCT6x27HANl3tYB6i,[],[],[],[],domingo,,"[{'inicio': '13:38:57,705', 'fin': '13:39:13,835'}, {'inicio': '13:39:14,572', 'fin': '13:39:19,799'}]"
189,MHQkhvbklD4uAug7WulX,[],[],[],[],domingo,,"[{'inicio': '14:16:04,717', 'fin': '14:16:26,253'}, {'inicio': '14:16:27,605', 'fin': '14:16:47,987'}, {'inicio': '14:16:48,598', 'fin': '14:17:23,997'}]"
190,MJiusQPnjHov8mktooAp,[],[],[],[],domingo,,"[{'inicio': '15:02:31,651', 'fin': '15:02:56,429'}]"
191,MOWhwnWK1KT3vdI8jwYg,[],[],[],[],sábado,Artesano,"[{'inicio': '13:31:07,813', 'fin': '13:33:24,880'}]"
192,MVzJyCnpd9Mky4bUcijX,[],[],"[{'inicio': '14:28:55,283', 'fin': '14:30:57,791'}]",[],domingo,,[]
193,MetmVYXzR8mVZ02vuBxn,[],[],[],[],viernes,,"[{'inicio': '13:22:03,021', 'fin': '13:22:32,908'}]"
194,MkJNckM8DxXEZVQlIbzN,[],[],[],[],domingo,,"[{'inicio': '14:46:25,911', 'fin': '14:46:54,230'}, {'inicio': '14:46:54,638', 'fin': '14:46:58,900'}]"
195,MqFxn9suUUHFz2owDDnX,[],[],[],[],sábado,,"[{'inicio': '13:58:23,154', 'fin': '13:58:35,534'}]"
196,Mxcoq1CEdm0ZK68N0tIl,[],[],[],[],sábado,,"[{'inicio': '13:22:01,410', 'fin': '13:22:27,535'}]"
197,MzaB2Hu2US8a36Jwq977,[],[],"[{'inicio': '13:34:55,931', 'fin': '13:39:29,549'}]",[],domingo,Dos malteadas ,[]
198,N52mRQSp9NyhQCzhvPIa,[],[],[],[],domingo,,"[{'inicio': '14:31:10,791', 'fin': '14:31:30,534'}]"
199,NEM2fGrHvgIsRUzlEaNE,[],[],[],[],domingo,Artesano,"[{'inicio': '13:45:11,808', 'fin': '13:47:00,130'}]"
200,NNuh75jI3m0RRAmgubub,[],[],[],[],domingo,,"[{'inicio': '13:32:46,069', 'fin': '13:32:56,688'}, {'inicio': '13:32:57,148', 'fin': '13:33:07,715'}, {'inicio': '13:33:15,007', 'fin': '13:33:20,932'}, {'inicio': '13:33:24,633', 'fin': '13:33:54,789'}, {'inicio': '13:34:03,637', 'fin': '13:34:10,562'}]"
201,NOjllfxLDx0tY4d8EGzZ,[],[],[],[],sábado,,"[{'inicio': '12:08:03,174', 'fin': '12:08:31,675'}, {'inicio': '12:08:35,089', 'fin': '12:08:47,670'}]"
202,NRJF1LOITN7xAPyASUf7,[],[],[],[],sábado,Copa,"[{'inicio': '13:59:34,558', 'fin': '14:00:11,080'}]"
203,NRvTrWUb85s80DSAbJwN,[],[],[],[],viernes,,"[{'inicio': '15:01:59,284', 'fin': '15:02:16,871'}]"
204,NawEML1wrQCjXIJICP8S,[],[],[],[],domingo,,"[{'inicio': '14:24:24,407', 'fin': '14:24:51,686'}, {'inicio': '14:24:52,406', 'fin': '14:25:33,454'}]"
205,NbLZLA67bh60ISwHJQQo,[],[],[],[],sábado,,"[{'inicio': '14:39:40,736', 'fin': '14:40:09,509'}]"
206,NjO2LjQRvBgx41qoeJ6M,[],[],[],[],domingo,,"[{'inicio': '13:23:06,777', 'fin': '13:23:43,796'}]"
207,O3ycU6s6T5zMNl1sGuy9,[],[],[],[],sábado,,"[{'inicio': '12:13:06,706', 'fin': '12:13:33,818'}]"
208,OHY3NcNihiUvwQkm4nKP,[],[],[],[],domingo,Artesano ,"[{'inicio': '14:58:38,463', 'fin': '15:00:06,004'}]"
209,OhhPCK8A3dlVsjYWVv0B,[],[],[],[],domingo,,"[{'inicio': '14:47:14,715', 'fin': '14:47:46,007'}]"
210,OsQrkgJLCbbH1kSmgbK1,[],[],[],[],domingo,,"[{'inicio': '13:13:54,514', 'fin': '13:14:18,655'}, {'inicio': '13:14:25,303', 'fin': '13:14:31,443'}, {'inicio': '13:14:32,606', 'fin': '13:14:43,861'}, {'inicio': '13:14:46,487', 'fin': '13:15:12,341'}]"
211,OvlHIlBVFHGwfbjlaxRw,[],"[{'inicio': '14:53:50,821', 'fin': '14:58:26,903'}]",[],[],domingo,2 gofres,[]
212,OzwkoSaBgrSVoz2XYCGm,[],[],[],[],domingo,,"[{'inicio': '13:19:02,771', 'fin': '13:19:19,111'}]"
213,P1jOyBuG7ROjgJCPnfMi,"[{'inicio': '13:16:00,191', 'fin': '13:17:18,850'}]",[],[],[],sábado,,"[{'inicio': '13:16:22,957', 'fin': '13:17:25,639'}]"
214,PmoniT2AILUzhp9p7pXJ,[],[],[],[],viernes,,"[{'inicio': '14:06:10,843', 'fin': '14:06:44,567'}]"
215,Pve7BVYAPqf8lhjr9alz,[],[],[],[],domingo,,"[{'inicio': '14:08:05,455', 'fin': '14:08:14,073'}, {'inicio': '14:08:15,562', 'fin': '14:09:14,266'}]"
216,PxcH6IzMbIZBJPgAfZ7o,[],[],[],[],sábado,,"[{'inicio': '13:39:14,630', 'fin': '13:39:21,457'}]"
217,QIsiR2hPbK5xb7WOCWys,[],[],[],[],domingo,,"[{'inicio': '14:04:22,931', 'fin': '14:04:29,224'}, {'inicio': '14:04:31,643', 'fin': '14:04:36,404'}]"
218,QJoLo32dFgUIm4VgX9Hz,[],[],[],"[{'inicio': '14:33:21,230', 'fin': '14:35:48,439'}]",domingo,,[]
219,QMKFmhIolVDbRtsuB3Jy,[],[],[],"[{'inicio': '12:38:58,742', 'fin': '12:43:44,112'}]",domingo,,[]
220,QSMbJJtrUls3gwlsW0ZR,[],[],[],[],sábado,,"[{'inicio': '12:15:15,870', 'fin': '12:15:39,053'}, {'inicio': '12:15:40,167', 'fin': '12:15:53,689'}]"
221,QZKk8UYl2TU0ZZGBoepm,[],[],[],[],domingo,,"[{'inicio': '12:50:31,119', 'fin': '12:50:56,162'}]"
222,Qh8E2cvhVF9tadJBLKiO,[],[],[],"[{'inicio': '13:18:33,728', 'fin': '13:21:06,057'}]",sábado,,"[{'inicio': '13:18:50,690', 'fin': '13:19:01,257'}]"
223,QrQcYnjVeO6sKUiNuyOE,[],[],[],[],domingo,Artesano,"[{'inicio': '12:00:49,000', 'fin': '12:04:06,527'}]"
224,QtRAsCtTTUBl8xWDlRm2,[],[],[],[],domingo,,"[{'inicio': '13:55:06,027', 'fin': '13:55:25,231'}]"
225,Qyx1i5Ipugq6zq2b7Xyb,"[{'inicio': '13:21:28,733', 'fin': '13:23:08,566'}]",[],[],[],domingo,,[]
226,R4DmNiDhC9UBZwfcvf1H,[],[],[],[],domingo,,"[{'inicio': '13:15:50,121', 'fin': '13:16:02,507'}]"
227,R5htDhkSl8XPUplP6h7o,[],[],[],[],domingo,,"[{'inicio': '13:37:31,053', 'fin': '13:37:47,307'}, {'inicio': '13:37:52,092', 'fin': '13:38:04,679'}, {'inicio': '13:38:05,285', 'fin': '13:38:33,038'}]"
228,R5xJeOY4w3Xvze66xUfE,[],[],[],[],sábado,,"[{'inicio': '13:47:38,515', 'fin': '13:47:56,797'}]"
229,R72JXrVFgHE0fSxLTrU3,[],[],[],[],viernes,,"[{'inicio': '14:28:04,799', 'fin': '14:28:50,895'}]"
230,RCMibCYLoD2LkrVTWNDc,[],[],[],[],viernes,,"[{'inicio': '14:59:06,019', 'fin': '14:59:48,440'}, {'inicio': '14:59:48,847', 'fin': '14:59:53,175'}]"
231,RGVkTsRhAT315RRxhk2c,[],[],[],[],domingo,,"[{'inicio': '14:15:37,218', 'fin': '14:16:33,324'}]"
232,RLgZm0siSpTgAtCNh6qU,"[{'inicio': '13:39:44,850', 'fin': '13:42:56,369'}]",[],[],[],domingo,,[]
233,ROHQb8M5tk0tx7lWfoZ2,[],"[{'inicio': '14:39:56,673', 'fin': '14:41:21,101'}]",[],[],domingo,,[]
234,RRlrwhcmI3TURFyCs7Tq,[],"[{'inicio': '12:58:44,275', 'fin': '13:00:15,609'}]",[],[],sábado,,"[{'inicio': '12:58:22,542', 'fin': '12:58:43,484'}]"
235,RSFESVyxPR3DNPzIyagw,[],[],[],[],viernes,,"[{'inicio': '14:23:44,043', 'fin': '14:24:53,494'}]"
236,RdIfmUjUIEkB5EKeU0ah,[],[],[],[],sábado,,"[{'inicio': '13:19:04,512', 'fin': '13:19:21,659'}]"
237,Rh9FWibhNdK5fnR8SJPt,[],[],[],[],sábado,Artesano ,"[{'inicio': '13:42:45,206', 'fin': '13:44:23,583'}]"
238,RibvGSTaIakJLzwD9A5v,[],[],[],[],domingo,,"[{'inicio': '14:13:44,465', 'fin': '14:13:56,584'}, {'inicio': '14:13:57,158', 'fin': '14:14:05,496'}, {'inicio': '14:14:06,700', 'fin': '14:14:16,363'}]"
239,RlIojb1HhQ884VSLYftw,[],[],[],[],domingo,,"[{'inicio': '14:46:45,574', 'fin': '14:47:04,710'}, {'inicio': '14:47:06,074', 'fin': '14:47:27,433'}, {'inicio': '14:47:30,545', 'fin': '14:47:56,855'}, {'inicio': '14:47:59,090', 'fin': '14:48:10,092'}]"
240,Rn8fchfHNViXfM9zj7wq,"[{'inicio': '13:01:22,169', 'fin': '13:03:20,125'}]",[],[],[],domingo,,"[{'inicio': '13:03:22,407', 'fin': '13:03:44,599'}]"
241,Rnd5cunavwFb6VSyIJF2,[],[],[],[],domingo,,"[{'inicio': '14:12:17,040', 'fin': '14:12:39,587'}, {'inicio': '14:12:48,563', 'fin': '14:12:58,467'}, {'inicio': '14:13:04,216', 'fin': '14:13:17,237'}, {'inicio': '14:13:18,738', 'fin': '14:13:44,050'}]"
242,RndIxj15uF1Oq0HjRKEI,[],[],[],[],sábado,,"[{'inicio': '13:00:26,781', 'fin': '13:00:58,063'}]"
243,RsWYEtvBm2UN8J3pVk1v,"[{'inicio': '12:40:02,688', 'fin': '12:42:08,243'}]",[],[],[],sábado,,[]
244,RuN8b53dQGCV3RQmOjsl,[],[],[],[],domingo,,"[{'inicio': '12:22:48,333', 'fin': '12:23:03,195'}]"
245,RytXGIGSqKh5ZQ1NpmFo,[],[],[],[],domingo,,"[{'inicio': '14:31:20,894', 'fin': '14:31:29,000'}, {'inicio': '14:31:41,431', 'fin': '14:32:25,686'}]"
246,RzVC0YlJcwlUVgF1pIO5,[],[],[],"[{'inicio': '12:52:55,461', 'fin': '12:57:51,769'}]",domingo,,"[{'inicio': '12:52:21,330', 'fin': '12:52:33,030'}]"
247,SEFuEZoVwLIpEymKN1fI,"[{'inicio': '13:29:12,251', 'fin': '13:30:16,028'}, {'inicio': '13:30:42,911', 'fin': '13:32:33,299'}]",[],[],[],viernes,,[]
248,SHSFQev4MRPrkoV2pe2r,[],[],[],[],domingo,,"[{'inicio': '11:46:51,287', 'fin': '11:47:17,659'}, {'inicio': '11:47:19,696', 'fin': '11:47:31,259'}, {'inicio': '11:47:32,700', 'fin': '11:47:41,874'}, {'inicio': '11:47:46,211', 'fin': '11:47:56,560'}]"
249,SJdUuqOZYCu6FOGX9fUe,[],[],[],[],domingo,Artesano,"[{'inicio': '14:07:28,870', 'fin': '14:10:26,922'}]"
250,SL1nunYX4JZFKR7ZB7uk,[],[],[],[],sábado,,"[{'inicio': '13:38:45,357', 'fin': '13:39:02,057'}]"
251,SNEWj4XrvrEsaxYTwBzj,"[{'inicio': '14:25:52,470', 'fin': '14:27:06,378'}]",[],[],[],sábado,,[]
252,SQplAPiz56Cvs0iaujfE,[],[],[],[],domingo,Artesbo ,"[{'inicio': '15:04:19,017', 'fin': '15:06:04,197'}]"
253,SST8y8buWbDtRysrAeog,[],[],[],[],domingo,,"[{'inicio': '14:28:46,285', 'fin': '14:28:58,774'}, {'inicio': '14:28:59,475', 'fin': '14:29:32,102'}, {'inicio': '14:30:08,976', 'fin': '14:30:13,477'}, {'inicio': '14:30:14,009', 'fin': '14:30:19,245'}]"
254,SZt5iJKLsAQbu3tkUjdz,[],[],[],[],domingo,,"[{'inicio': '14:57:03,289', 'fin': '14:57:22,469'}, {'inicio': '14:57:25,747', 'fin': '14:57:42,194'}]"
255,Sq5zYw2F0k2Uz8GE31br,[],[],[],[],domingo,,"[{'inicio': '13:36:14,799', 'fin': '13:36:31,324'}, {'inicio': '13:36:32,378', 'fin': '13:36:55,225'}, {'inicio': '13:36:59,139', 'fin': '13:37:14,312'}]"
256,Sw7KjrEHVtK7R8HNKJeF,[],[],[],[],domingo,,"[{'inicio': '14:18:01,196', 'fin': '14:18:20,283'}, {'inicio': '14:18:22,908', 'fin': '14:18:34,663'}]"
257,T5mDJ7BVHMUQoQ5LGQek,[],[],[],[],sábado,,"[{'inicio': '12:53:44,911', 'fin': '12:53:58,761'}, {'inicio': '12:53:59,504', 'fin': '12:54:25,042'}]"
258,T9c68a1zR4jzV7vPSLTQ,[],[],[],[],sábado,,"[{'inicio': '13:49:12,569', 'fin': '13:49:21,658'}]"
259,TOXYcYaAJzqOCRYtkPA0,[],[],[],[],sábado,,"[{'inicio': '13:32:09,395', 'fin': '13:32:50,726'}, {'inicio': '13:32:51,607', 'fin': '13:33:10,785'}]"
260,TpVbIh7IOaYV0qGGCtvE,"[{'inicio': '12:47:19,469', 'fin': '12:50:10,307'}]",[],[],[],sábado,,[]
261,TqOu5z1iNBwRlcg6BCKi,[],[],[],[],sábado,,"[{'inicio': '13:49:19,728', 'fin': '13:49:30,895'}, {'inicio': '13:49:33,403', 'fin': '13:49:43,228'}]"
262,Tsb7OzKQ0aVzvMZiPh9U,"[{'inicio': '13:50:55,102', 'fin': '13:51:26,077'}]",[],[],[],sábado,,[]
263,Ty5Iyea4nePM1kUCL7Tm,[],[],[],[],domingo,,"[{'inicio': '14:34:45,498', 'fin': '14:34:54,889'}, {'inicio': '14:35:00,107', 'fin': '14:35:08,478'}]"
264,UI7UgBF1LSkGtrNKPHV1,[],[],"[{'inicio': '14:35:36,839', 'fin': '14:38:09,723'}]",[],domingo,,[]
265,UPwfO0FZYJc4a7eIRhGT,[],[],[],[],sábado,,"[{'inicio': '12:09:50,792', 'fin': '12:10:07,467'}]"
266,UWgBUpwAHO5f4tP1xD3B,"[{'inicio': '14:59:12,490', 'fin': '15:01:37,592'}]",[],[],[],domingo,,[]
267,UY2HmoQDGlagMYhOcfBf,[],[],[],[],domingo,,"[{'inicio': '14:03:19,267', 'fin': '14:03:39,995'}, {'inicio': '14:03:40,776', 'fin': '14:03:49,627'}, {'inicio': '14:04:01,897', 'fin': '14:04:07,336'}]"
268,UmCY8EALG8PX4BoG00mm,"[{'inicio': '14:12:59,405', 'fin': '14:14:30,215'}]",[],[],[],domingo,,[]
269,UvyZP2nVRGBpH38R0QRz,[],[],[],[],sábado,,"[{'inicio': '13:41:58,781', 'fin': '13:42:16,966'}]"
270,V0Y651OjA9j6x8A6hFUo,[],[],[],[],sábado,,"[{'inicio': '13:43:43,758', 'fin': '13:44:16,423'}]"
271,VMglvf2jHTRnY6WfErJt,[],[],[],[],domingo,,"[{'inicio': '14:10:30,977', 'fin': '14:10:54,816'}, {'inicio': '14:10:56,068', 'fin': '14:11:13,817'}, {'inicio': '14:11:15,062', 'fin': '14:11:32,528'}]"
272,VNJthmeun8J3ozNaAWT3,[],[],[],[],domingo,,"[{'inicio': '13:23:13,035', 'fin': '13:23:19,179'}, {'inicio': '13:23:19,998', 'fin': '13:23:22,284'}, {'inicio': '13:23:23,878', 'fin': '13:23:40,920'}]"
273,VSQvEjkJ9WZsQmpU1zPb,"[{'inicio': '13:03:07,611', 'fin': '13:04:31,998'}]",[],[],[],sábado,,[]
274,VU6i7RLL7STNCovdQUyA,[],[],[],[],domingo,,"[{'inicio': '12:01:30,165', 'fin': '12:01:57,263'}, {'inicio': '12:01:58,574', 'fin': '12:02:23,251'}]"
275,VjiE6UUhRPzevo170kJL,"[{'inicio': '13:40:40,103', 'fin': '13:42:13,182'}]",[],[],[],domingo,,[]
276,Vz7ZAkN2rVSV6cxAPwvY,[],[],[],[],viernes,,"[{'inicio': '13:16:05,898', 'fin': '13:16:22,953'}]"
277,VzZClsPLhX36Glh93wLJ,[],[],[],[],viernes,,"[{'inicio': '14:51:10,913', 'fin': '14:51:56,127'}]"
278,WFKGLslv9eFTtQTU1Z11,[],[],[],[],sábado,,"[{'inicio': '13:22:59,348', 'fin': '13:23:54,336'}]"
279,WN3zr6kdQDzo445189ZB,[],[],[],[],domingo,,"[{'inicio': '13:18:40,410', 'fin': '13:18:51,849'}, {'inicio': '13:18:54,640', 'fin': '13:19:00,072'}]"
280,WTJzil3u4iq54Ihq47Kx,[],[],[],[],domingo,,"[{'inicio': '13:43:26,789', 'fin': '13:43:34,977'}]"
281,WhFQLECux14BvCeBw2Jx,[],[],[],[],sábado,,"[{'inicio': '14:32:57,915', 'fin': '14:33:27,659'}]"
282,Wk6q9UD4atzGCbpviLlg,[],[],"[{'inicio': '13:06:13,833', 'fin': '13:08:47,937'}]","[{'inicio': '13:07:55,763', 'fin': '13:10:33,454'}, {'inicio': '13:13:17,398', 'fin': '13:17:15,893'}, {'inicio': '13:17:16,479', 'fin': '13:19:39,924'}, {'inicio': '13:22:11,217', 'fin': '13:25:52,535'}, {'inicio': '13:27:28,334', 'fin': '13:32:06,515'}]",domingo,,"[{'inicio': '13:08:53,060', 'fin': '13:09:12,735'}]"
283,XLkM7br9NnOOx532g0xn,[],[],[],[],sábado,,"[{'inicio': '12:17:49,815', 'fin': '12:18:14,163'}, {'inicio': '12:18:16,957', 'fin': '12:18:21,438'}, {'inicio': '12:18:22,707', 'fin': '12:18:38,411'}]"
284,XQNgYJnmK3dNYORMtj8T,[],[],[],[],sábado,,"[{'inicio': '12:28:01,022', 'fin': '12:28:35,563'}, {'inicio': '12:28:38,420', 'fin': '12:29:03,922'}]"
285,XQwITa17zEfeMXE4MWNf,[],[],[],[],domingo,,"[{'inicio': '13:50:37,441', 'fin': '13:50:47,246'}]"
286,XVrMXpvZAWXLHYyqu7BU,[],[],[],[],domingo,,"[{'inicio': '12:10:53,412', 'fin': '12:11:06,737'}, {'inicio': '12:11:07,855', 'fin': '12:11:21,442'}]"
287,Xlh0jEe3uAYH9li0nEDq,[],[],[],[],domingo,,"[{'inicio': '13:50:04,612', 'fin': '13:50:19,226'}, {'inicio': '13:50:20,300', 'fin': '13:50:28,162'}]"
288,Xnr0yBIgLV7Pm0VD1Zqy,[],[],[],[],viernes,,"[{'inicio': '14:24:19,918', 'fin': '14:25:07,590'}]"
289,YAwk9sC0M92yrKsbP2jt,"[{'inicio': '14:24:39,049', 'fin': '14:26:00,028'}]",[],[],[],sábado,,[]
290,YPLPkqeuhl8N5epmSnKB,"[{'inicio': '14:49:44,957', 'fin': '14:50:55,288'}]",[],[],[],domingo,,[]
291,Ym9gW6HIAqY3JJEXi1YF,[],[],[],[],domingo,,"[{'inicio': '14:40:38,283', 'fin': '14:41:04,840'}, {'inicio': '14:41:05,286', 'fin': '14:43:09,407'}]"
292,Yp9udiHX0JkfWDOA5yEj,[],[],[],[],domingo,,"[{'inicio': '14:28:25,011', 'fin': '14:28:40,214'}, {'inicio': '14:28:40,862', 'fin': '14:29:04,134'}]"
293,Z1sZ4l7EH2lM4ghVtoDH,[],[],[],[],domingo,,"[{'inicio': '12:29:40,407', 'fin': '12:29:52,392'}, {'inicio': '12:29:53,832', 'fin': '12:30:01,664'}]"
294,Z4fvU0eubzNuZfFfo8Gh,[],[],[],[],domingo,,"[{'inicio': '13:13:39,801', 'fin': '13:13:56,215'}]"
295,Z574QZ8R360AzpP2oWpT,[],[],[],[],viernes,,"[{'inicio': '14:05:36,595', 'fin': '14:06:23,078'}]"
296,Z6wkDKgpHfiFOJm4fL2I,[],[],[],[],domingo,,"[{'inicio': '13:22:19,767', 'fin': '13:22:33,070'}]"
297,Z7HPBzYejdPhhBNXgri8,[],[],[],[],domingo,Artesano ,"[{'inicio': '12:54:11,440', 'fin': '12:56:16,513'}]"
298,ZCYX9bl34CR04eoT7iVO,"[{'inicio': '14:00:17,036', 'fin': '14:02:42,583'}]",[],[],[],domingo,,[]
299,ZMNWxdvtD2vEGu209x9C,[],[],[],[],domingo,,"[{'inicio': '14:45:54,625', 'fin': '14:46:00,072'}, {'inicio': '14:46:00,712', 'fin': '14:46:18,097'}, {'inicio': '14:46:18,660', 'fin': '14:46:40,062'}]"
300,ZTdv5hiPfVUcRFgdVAxD,[],[],[],[],domingo,,"[{'inicio': '13:43:36,154', 'fin': '13:43:49,473'}]"
301,ZXcHY3Mcv1SRYk5AfHIR,[],[],[],"[{'inicio': '12:10:22,997', 'fin': '12:12:41,789'}]",sábado,,[]
302,ZisOzxY08mwefoRq9usa,[],[],[],[],sábado,,"[{'inicio': '14:13:09,050', 'fin': '14:13:19,496'}]"
303,ZjyxsNiXlihPtMcOrXNp,[],[],[],[],sábado,,"[{'inicio': '13:39:30,772', 'fin': '13:40:21,263'}]"
304,ZljpJlbhWG89XCbsYFJ2,[],[],[],[],domingo,,"[{'inicio': '14:22:38,728', 'fin': '14:23:31,200'}]"
305,ZvVCYPCZ2rVTRX1sWnAR,[],[],[],[],sábado,,"[{'inicio': '13:33:28,044', 'fin': '13:33:46,917'}, {'inicio': '13:33:47,407', 'fin': '13:33:58,654'}]"
306,aAihOH7EIRHKk1hxynyz,"[{'inicio': '13:04:28,570', 'fin': '13:10:44,195'}]",[],[],[],sábado,,[]
307,aMGd85rhS9V8wl8rnAWh,[],[],[],[],domingo,,"[{'inicio': '12:33:39,010', 'fin': '12:33:45,054'}, {'inicio': '12:33:45,762', 'fin': '12:33:50,715'}, {'inicio': '12:34:01,721', 'fin': '12:34:16,841'}]"
308,adMeTEy5Oafoxz0KxVCi,"[{'inicio': '14:57:29,979', 'fin': '14:58:55,177'}]",[],[],[],viernes,,[]
309,ae0wqOnbZKK6MKD15hRc,"[{'inicio': '14:04:36,191', 'fin': '14:05:57,252'}]",[],[],[],viernes,,[]
310,afglhewt48WpYjDNDpnR,[],[],"[{'inicio': '12:54:31,700', 'fin': '12:57:08,094'}]",[],domingo,,[]
311,aiTB2qY0m5hslS8Aqtic,"[{'inicio': '14:20:57,978', 'fin': '14:21:58,147'}]",[],[],[],sábado,,[]
312,ax6bKRXgdIBWckvRpdxG,[],[],[],[],domingo,,"[{'inicio': '14:20:41,243', 'fin': '14:20:52,369'}]"
313,azmc1jbN5MuLrwwYkm0S,[],[],[],"[{'inicio': '13:19:51,547', 'fin': '13:32:22,138'}]",domingo,,[]
314,b0PlVi8Xrn2tSiYqELEs,[],[],[],[],sábado,,"[{'inicio': '13:12:03,656', 'fin': '13:12:18,097'}, {'inicio': '13:12:19,471', 'fin': '13:12:50,634'}]"
315,bAknvMkvvcPX6faPRGww,[],[],[],[],domingo,,"[{'inicio': '13:21:17,166', 'fin': '13:21:32,306'}]"
316,bE3N2UPXSPeOd91VHijN,[],[],[],[],viernes,,"[{'inicio': '14:36:21,524', 'fin': '14:36:40,856'}]"
317,bGpJISfNhmSaUiIzPdli,[],[],[],[],domingo,,"[{'inicio': '13:59:59,747', 'fin': '14:00:44,412'}, {'inicio': '14:01:11,837', 'fin': '14:01:44,609'}]"
318,bGrf2bMSPuyWXlssol2h,[],[],[],"[{'inicio': '13:24:52,431', 'fin': '13:28:12,171'}]",domingo,,[]
319,bWe4qOTNjKR0YwEDM7at,[],[],[],[],sábado,Artrsano,"[{'inicio': '13:08:55,952', 'fin': '13:13:54,541'}]"
320,bdaLUnO47R2j1lO2c4NQ,[],[],[],[],sábado,,"[{'inicio': '14:17:36,247', 'fin': '14:18:27,016'}]"
321,bpsJ0a3vWZZGVI7BgY1b,[],[],"[{'inicio': '12:39:22,112', 'fin': '12:43:07,707'}]",[],domingo,Jugo de fruta,[]
322,byfNkd5PyOtHL5BafAA3,[],[],"[{'inicio': '13:40:15,722', 'fin': '13:41:22,564'}]",[],domingo,,[]
323,c4ev4Q4oZ3mnneRhvEZ4,[],[],[],[],viernes,,"[{'inicio': '13:46:57,947', 'fin': '13:47:29,831'}, {'inicio': '13:47:30,340', 'fin': '13:47:36,220'}]"
324,c6GFS15QKX806eSwDhy7,"[{'inicio': '14:24:17,570', 'fin': '14:26:39,271'}]",[],[],[],domingo,,[]
325,c6s3724o9QHPMhub5h96,[],[],[],[],sábado,Artesano,"[{'inicio': '13:27:12,515', 'fin': '13:29:18,508'}]"
326,c7o0Ua5J2Gtdz74u3gs0,[],[],[],[],sábado,,"[{'inicio': '12:51:23,854', 'fin': '12:51:46,200'}]"
327,cQDS66yYk8wJlmt5sjjg,"[{'inicio': '13:41:47,077', 'fin': '13:42:49,415'}]",[],[],[],domingo,,[]
328,cV8D2u4e5cMJ4B8cIl3p,[],[],[],[],domingo,,"[{'inicio': '14:33:26,083', 'fin': '14:33:32,277'}, {'inicio': '14:33:32,727', 'fin': '14:35:23,749'}, {'inicio': '14:35:25,902', 'fin': '14:35:41,426'}]"
329,cblZp2ICfyqrCv2ztwMn,"[{'inicio': '14:22:23,127', 'fin': '14:23:37,484'}]",[],[],[],domingo,,[]
330,cg3SVupT69puMZBuDUZL,[],[],[],[],domingo,,"[{'inicio': '13:39:43,595', 'fin': '13:39:46,929'}, {'inicio': '13:39:48,498', 'fin': '13:40:00,039'}]"
331,ciXSDgigB7IA6zK5gAwG,[],[],[],[],domingo,,"[{'inicio': '14:12:12,799', 'fin': '14:12:39,539'}, {'inicio': '14:12:41,631', 'fin': '14:12:54,867'}]"
332,cuwaZeiD0igYiLWTCxEX,[],[],[],[],domingo,,"[{'inicio': '15:05:04,107', 'fin': '15:05:24,501'}]"
333,cv5ORNsPSztqZZT3FSWI,[],[],[],[],domingo,,"[{'inicio': '14:04:46,783', 'fin': '14:05:07,827'}, {'inicio': '14:05:08,284', 'fin': '14:05:27,337'}, {'inicio': '14:05:29,513', 'fin': '14:05:41,097'}]"
334,d51FGykmBcni1nEGWFXo,[],[],"[{'inicio': '13:02:08,230', 'fin': '13:04:09,165'}]","[{'inicio': '13:05:07,140', 'fin': '13:09:22,154'}]",domingo,Artesano,"[{'inicio': '12:59:40,076', 'fin': '13:02:35,083'}]"
335,d6G5gpMlM8ZvdanNBF5j,"[{'inicio': '13:57:53,685', 'fin': '14:00:01,280'}]",[],[],[],domingo,Son dos copas ,[]
336,dMbnCthER7aG0OqkXbPv,[],[],[],[],viernes,"Es una copa, tiempo esta bien","[{'inicio': '13:33:51,372', 'fin': '13:35:04,830'}]"
337,dWaGbsJ1RRzD0qHepOGE,[],[],"[{'inicio': '12:53:56,283', 'fin': '12:56:13,618'}]",[],domingo,,[]
338,dfvtPtlHr4GUtMxTaOoS,[],[],[],[],viernes,,"[{'inicio': '13:49:53,790', 'fin': '13:50:24,965'}]"
339,dgk0WM8FWAOnWkdVfdPd,[],[],[],[],sábado,,"[{'inicio': '13:17:48,864', 'fin': '13:18:18,417'}]"
340,dkqAijzfUyXWxDY9Xclt,[],[],[],[],domingo,,"[{'inicio': '13:19:47,177', 'fin': '13:20:05,386'}, {'inicio': '13:20:07,488', 'fin': '13:20:30,455'}]"
341,dwFb8rWIih1ZCD4AvBmi,"[{'inicio': '12:48:03,398', 'fin': '12:49:10,373'}]",[],[],[],domingo,,[]
342,e1WZdguJ5KgrAB17vXcR,[],[],[],[],domingo,,"[{'inicio': '14:36:11,587', 'fin': '14:36:16,308'}, {'inicio': '14:36:19,403', 'fin': '14:36:24,960'}]"
343,e9QoGBkKGY8vjec0bLGO,[],[],[],[],sábado,,"[{'inicio': '13:45:39,414', 'fin': '13:46:21,750'}, {'inicio': '13:46:23,149', 'fin': '13:46:37,169'}, {'inicio': '13:46:37,612', 'fin': '13:46:59,501'}]"
344,eCqAOB09K4psNytW6VaV,[],[],[],[],sábado,,"[{'inicio': '12:43:14,718', 'fin': '12:43:47,240'}, {'inicio': '12:43:48,092', 'fin': '12:44:03,452'}]"
345,eVHmjOfFKmp9tCk1xnID,[],[],[],[],domingo,,"[{'inicio': '14:58:47,138', 'fin': '14:59:24,642'}]"
346,eVaGSoeSViW3VGnNHDga,[],[],[],[],domingo,,"[{'inicio': '13:11:35,088', 'fin': '13:12:07,772'}, {'inicio': '13:12:08,257', 'fin': '13:12:34,861'}]"
347,eskFJjGiBqS3EzCdGHqu,[],[],[],[],domingo,Dos pepa pigd ,"[{'inicio': '13:47:14,801', 'fin': '13:48:10,974'}, {'inicio': '13:48:11,383', 'fin': '13:49:18,027'}]"
348,etM4YzMddc1Oy1GEwxjc,[],[],[],[],sábado,,"[{'inicio': '13:58:18,339', 'fin': '13:58:24,867'}]"
349,f67ol4qiDJ99JwtZ7Vua,[],[],[],[],domingo,,"[{'inicio': '14:06:51,761', 'fin': '14:07:02,685'}, {'inicio': '14:07:09,838', 'fin': '14:07:37,366'}]"
350,f9j9DLSreJiLGBa6MCR4,"[{'inicio': '14:19:11,346', 'fin': '14:19:56,188'}]",[],[],[],sábado,,[]
351,fEL1LpM31IUlJwgM3hTD,[],[],[],[],sábado,,"[{'inicio': '13:33:48,146', 'fin': '13:34:01,362'}]"
352,fHtcaKxsEiEKwZm5ygHV,[],[],[],[],domingo,,"[{'inicio': '15:07:00,814', 'fin': '15:07:24,880'}, {'inicio': '15:07:25,394', 'fin': '15:07:41,403'}, {'inicio': '15:07:44,708', 'fin': '15:08:11,987'}]"
353,feAGy3b9lXsMnBRlikbF,[],[],[],[],viernes,,"[{'inicio': '14:30:59,633', 'fin': '14:31:51,369'}]"
354,ffUkNWMSyQWwTLTD20GR,[],[],[],[],domingo,Artesano ,"[{'inicio': '13:01:05,318', 'fin': '13:02:46,001'}]"
355,fjXJgZZwhU07zNN6oRqg,"[{'inicio': '13:51:44,654', 'fin': '13:52:58,703'}]",[],[],[],domingo,,[]
356,fkzAIBJ9RpX3hMJIgkIB,[],[],[],[],viernes,,"[{'inicio': '15:00:13,062', 'fin': '15:00:36,638'}]"
357,fvaTliv4miq2ZBacfkxR,[],"[{'inicio': '14:50:48,757', 'fin': '14:56:51,269'}]",[],[],viernes,,[]
358,g1uyPyMztQoBxvUB4fvM,[],[],[],"[{'inicio': '13:35:18,534', 'fin': '13:38:05,535'}]",domingo,,[]
359,g8eXvHSqHt3aLIzIlGor,[],"[{'inicio': '13:39:24,841', 'fin': '13:41:36,887'}]",[],[],domingo,,[]
360,gafQ5YwG3xiWuiBaMPrC,[],[],[],[],domingo,Artesano,"[{'inicio': '13:57:07,983', 'fin': '13:58:29,752'}]"
361,gi4EfvfK9ZtU1fOYrB1q,[],[],[],[],domingo,,"[{'inicio': '12:37:13,926', 'fin': '12:37:35,203'}, {'inicio': '12:37:35,869', 'fin': '12:37:40,890'}]"
362,gxEuTJ2hdOvpmlv5Kgzd,[],[],[],[],viernes,,"[{'inicio': '13:57:20,277', 'fin': '13:57:35,198'}]"
363,h9XDYmqaSAKlfMeuB3Zm,[],[],[],[],sábado,2 artesanos,"[{'inicio': '13:34:47,722', 'fin': '13:35:59,935'}, {'inicio': '13:36:01,045', 'fin': '13:36:56,828'}]"
364,hEIDnYOCg6A0ikXFyErp,[],[],[],[],domingo,,"[{'inicio': '15:03:23,089', 'fin': '15:03:34,211'}, {'inicio': '15:03:35,546', 'fin': '15:03:55,528'}]"
365,hJLvJsmweQKeCW2aWrx6,[],[],[],[],domingo,,"[{'inicio': '12:17:16,936', 'fin': '12:17:44,846'}, {'inicio': '12:17:48,489', 'fin': '12:18:06,213'}]"
366,hJVZMPvF5A4HWK9InRKq,"[{'inicio': '14:57:39,118', 'fin': '14:59:06,451'}]",[],[],[],domingo,,[]
367,hYwnAeIn5nNgRMh2ngOU,[],[],[],[],sábado,,"[{'inicio': '12:16:45,034', 'fin': '12:17:12,887'}, {'inicio': '12:17:14,092', 'fin': '12:17:32,431'}]"
368,haOHoEkerJ4S6PifW3eH,[],[],"[{'inicio': '13:16:36,677', 'fin': '13:19:41,631'}]",[],domingo,Fueron dos malteadas ,[]
369,hiti2MAh1fFB8DGr2GZi,"[{'inicio': '14:29:22,889', 'fin': '14:30:06,639'}]",[],[],[],domingo,,[]
370,hppkt9NpuzMYa8kDPyXY,[],[],[],[],domingo,,"[{'inicio': '13:31:11,757', 'fin': '13:31:29,176'}]"
371,hxHjWyrvoPUbzlpNNwIu,[],[],[],[],sábado,Artesani ,"[{'inicio': '12:44:56,237', 'fin': '12:47:04,901'}]"
372,i0pkcSHCSELUfWLzEQHJ,[],[],[],[],domingo,,"[{'inicio': '14:44:13,074', 'fin': '14:44:38,951'}, {'inicio': '14:44:39,831', 'fin': '14:45:01,411'}]"
373,i4w6diAOOT8W29JDRuax,[],[],[],[],sábado,,"[{'inicio': '13:32:32,427', 'fin': '13:32:43,527'}]"
374,iG1ggwsUDbj3giWtGlGK,[],[],[],[],domingo,Artesano,"[{'inicio': '14:01:58,629', 'fin': '14:03:55,965'}]"
375,iIburgKHUCjKtRPq0iO9,"[{'inicio': '14:51:53,008', 'fin': '14:53:40,118'}]",[],[],[],domingo,Copa de 8 bolas,[]
376,iMEks5KNG0ggE7cNmlXq,"[{'inicio': '14:21:40,784', 'fin': '14:23:42,774'}]",[],[],[],domingo,,[]
377,iMNGw7gAyK0KA98YYDsK,[],[],[],[],sábado,,"[{'inicio': '13:56:40,829', 'fin': '13:57:18,903'}, {'inicio': '13:57:19,328', 'fin': '13:57:31,407'}, {'inicio': '13:57:32,366', 'fin': '13:57:53,918'}]"
378,iPfRb8at9Zt8niHYf0Tw,"[{'inicio': '12:36:24,558', 'fin': '12:39:10,459'}]",[],[],[],domingo,,[]
379,iSby0Y69fsXnomySVXkG,[],[],[],[],domingo,,"[{'inicio': '13:47:37,669', 'fin': '13:48:11,728'}, {'inicio': '13:48:13,253', 'fin': '13:48:35,387'}]"
380,ibdZyCJEn3kixtvB0lg5,[],[],[],[],viernes,,"[{'inicio': '13:23:38,016', 'fin': '13:24:07,592'}]"
381,idwRRqs1NjS423g9EqCG,[],[],[],[],domingo,,"[{'inicio': '14:57:06,306', 'fin': '14:57:11,943'}, {'inicio': '14:57:12,951', 'fin': '14:57:43,145'}]"
382,iqJujH8btIwxbDk7QzLX,[],[],[],[],domingo,,"[{'inicio': '13:04:34,232', 'fin': '13:04:49,442'}]"
383,ivP3sKxvElX6Ezk14DLv,[],"[{'inicio': '14:45:17,519', 'fin': '14:51:21,736'}]",[],[],domingo,,[]
384,ivRx4YkUj1dk1dljWFun,[],[],[],[],domingo,,"[{'inicio': '14:31:46,569', 'fin': '14:31:50,917'}, {'inicio': '14:31:51,925', 'fin': '14:32:05,560'}]"
385,iy0HWfsPA8rd6V7jIF1m,"[{'inicio': '14:06:16,652', 'fin': '14:09:10,284'}]",[],[],[],sábado,,[]
386,iz7lJybIiAcCw5EuG8ch,"[{'inicio': '14:15:52,209', 'fin': '14:18:13,975'}]",[],[],[],domingo,,[]
387,j42zIBu49tdJu1yjYbce,[],"[{'inicio': '14:36:38,803', 'fin': '14:38:20,002'}]",[],[],domingo,Llego la quinta persona,[]
388,jMuQdTMD3IbiJHWk5Q26,[],[],[],[],domingo,,"[{'inicio': '13:59:36,662', 'fin': '13:59:51,712'}]"
389,jQ5yYWxWjU2Rxh9yuWdZ,[],[],[],[],domingo,,"[{'inicio': '12:49:49,840', 'fin': '12:50:01,679'}, {'inicio': '12:50:05,068', 'fin': '12:50:13,839'}]"
390,jUv8rFQDDWE0lSbnpoLg,[],[],[],[],viernes,,"[{'inicio': '13:59:56,563', 'fin': '14:00:12,051'}]"
391,jY1rc2PmIkxNDhtF5cKe,[],[],[],[],domingo,,"[{'inicio': '12:46:15,775', 'fin': '12:46:27,148'}, {'inicio': '12:46:36,386', 'fin': '12:46:47,524'}]"
392,jYjKinO5uD0qoaU6PIsE,"[{'inicio': '12:25:17,487', 'fin': '12:26:20,916'}]",[],[],[],sábado,,[]
393,jholEeWKtFV1wICliF4j,[],[],[],[],viernes,,"[{'inicio': '14:21:57,543', 'fin': '14:23:25,575'}]"
394,k43W2aqvc51pmN3h0edQ,[],[],[],"[{'inicio': '14:02:56,557', 'fin': '14:06:00,553'}]",sábado,,[]
395,kAu8kb1Q7bHxneFD5BBs,"[{'inicio': '13:18:36,461', 'fin': '13:21:23,084'}]",[],[],[],viernes,,"[{'inicio': '13:20:00,616', 'fin': '13:20:23,421'}, {'inicio': '13:20:35,695', 'fin': '13:20:59,486'}]"
396,kOIOAtcxkj9O4yu7EoPc,[],[],[],[],viernes,Artesano ,"[{'inicio': '14:38:11,262', 'fin': '14:41:00,168'}]"
397,kQGyyhg4DHUhVrFQUg5V,[],[],[],[],domingo,,"[{'inicio': '14:49:12,173', 'fin': '14:49:44,968'}]"
398,kezdFdoKsbki6vt2CRaM,[],[],[],[],viernes,,"[{'inicio': '14:20:27,174', 'fin': '14:22:00,719'}]"
399,knQxbm293xGudsEsVMMk,[],[],[],[],viernes,,"[{'inicio': '14:11:32,343', 'fin': '14:12:05,705'}, {'inicio': '14:12:12,453', 'fin': '14:12:28,658'}]"
400,kpEV4wIrPlFYh5vgJdRB,[],[],[],[],domingo,,"[{'inicio': '13:00:35,867', 'fin': '13:00:47,371'}, {'inicio': '13:00:54,990', 'fin': '13:01:08,137'}]"
401,ktcl0kzUDabA2Z6oweRE,[],[],[],[],domingo,,"[{'inicio': '14:18:58,727', 'fin': '14:19:14,749'}]"
402,ktgG3KQan0FokO5HSysM,[],[],[],[],viernes,,"[{'inicio': '13:34:06,678', 'fin': '13:34:22,470'}]"
403,kv53tK3rDLpxSX0t4S9p,[],[],[],[],viernes,,"[{'inicio': '12:56:20,410', 'fin': '12:56:50,548'}, {'inicio': '12:56:51,421', 'fin': '12:57:10,119'}]"
404,kvpTZs4FNYiOtMTMk0Tp,"[{'inicio': '13:45:52,383', 'fin': '13:48:29,815'}]",[],[],[],domingo,,[]
405,lH2UFeskxv1W4FYdOaNZ,[],"[{'inicio': '13:27:09,987', 'fin': '13:30:28,332'}]",[],[],domingo,,"[{'inicio': '13:28:00,896', 'fin': '13:28:54,266'}]"
406,lIC53Pmerpo2CPSrEMcH,"[{'inicio': '13:17:26,075', 'fin': '13:18:15,195'}]",[],[],[],domingo,,[]
407,lKgYJhKZFaQcVAeSjfYG,[],[],[],[],sábado,,"[{'inicio': '13:33:38,844', 'fin': '13:34:11,790'}, {'inicio': '13:34:12,582', 'fin': '13:34:27,757'}]"
408,lOy5P6Uhd8IMlhSgco2r,"[{'inicio': '14:00:45,359', 'fin': '14:01:14,458'}]",[],[],[],sábado,,"[{'inicio': '14:00:28,388', 'fin': '14:00:44,468'}]"
409,lQGXQ8p6vUtDqBYTl2yT,[],[],[],[],sábado,,"[{'inicio': '13:08:42,049', 'fin': '13:09:25,473'}]"
410,lSusAoQFp6QN4rUykxAQ,"[{'inicio': '13:20:59,558', 'fin': '13:25:02,359'}, {'inicio': '13:25:11,493', 'fin': '13:25:11,859'}]",[],[],[],viernes,2 copas hecha al tiempo,[]
411,lbPMqxOJbrhCh8emYOzA,"[{'inicio': '14:35:41,367', 'fin': '14:36:11,254'}]",[],[],[],viernes,,"[{'inicio': '14:35:33,768', 'fin': '14:35:48,391'}]"
412,lin7bRNyTYaiYKEtmfwG,[],[],[],[],sábado,,"[{'inicio': '12:52:48,064', 'fin': '12:53:32,410'}]"
413,llvZcsVf7owc3zQbsxNf,[],[],[],[],sábado,,"[{'inicio': '13:56:16,334', 'fin': '13:56:35,294'}, {'inicio': '13:56:46,568', 'fin': '13:56:54,207'}]"
414,lphEvy9EW0G1fTL5eE50,[],[],[],[],domingo,,"[{'inicio': '13:56:15,216', 'fin': '13:56:24,160'}]"
415,lrSxVhqknyCRgVK43XH3,[],[],[],[],sábado,,"[{'inicio': '12:51:55,569', 'fin': '12:52:20,836'}, {'inicio': '12:52:21,518', 'fin': '12:52:39,331'}]"
416,lwet1R6l4wQwtfAYTAop,"[{'inicio': '14:17:14,740', 'fin': '14:19:06,381'}]",[],[],[],sábado,,[]
417,m30en7THaL66bPV9JQio,[],[],[],[],domingo,,"[{'inicio': '13:29:57,751', 'fin': '13:30:02,799'}, {'inicio': '13:30:03,301', 'fin': '13:30:10,758'}]"
418,m5SWBYZvN3knT28i1BHp,[],[],[],[],domingo,,"[{'inicio': '13:43:46,529', 'fin': '13:44:07,457'}, {'inicio': '13:44:11,156', 'fin': '13:44:17,397'}, {'inicio': '13:44:24,636', 'fin': '13:44:53,748'}, {'inicio': '13:44:54,281', 'fin': '13:45:07,089'}, {'inicio': '13:45:21,195', 'fin': '13:45:40,463'}]"
419,m5t18CVq9dMOqIT71rRb,"[{'inicio': '13:37:18,152', 'fin': '13:39:00,517'}]",[],[],[],domingo,,[]
420,mDxLC81ztiRVUDM4Nysp,[],[],[],[],domingo,,"[{'inicio': '13:23:54,761', 'fin': '13:24:05,626'}, {'inicio': '13:24:06,303', 'fin': '13:24:28,513'}]"
421,mFVxQ1ltelxE7s3fn1wm,[],[],[],[],domingo,,"[{'inicio': '14:07:35,010', 'fin': '14:07:47,385'}, {'inicio': '14:07:48,089', 'fin': '14:08:01,374'}]"
422,mKazXGpZuhHaqJQCyN7L,[],[],[],[],domingo,,"[{'inicio': '14:46:23,003', 'fin': '14:46:32,528'}, {'inicio': '14:46:33,470', 'fin': '14:46:47,468'}, {'inicio': '14:46:51,212', 'fin': '14:46:55,735'}]"
423,mPDxbplL6sK7ITkDqvA3,"[{'inicio': '13:33:52,911', 'fin': '13:35:48,724'}]",[],[],[],sábado,,[]
424,mPQQFS0ZLx5a626uQrIy,[],[],[],[],sábado,,"[{'inicio': '12:55:23,482', 'fin': '12:55:37,824'}, {'inicio': '12:55:38,975', 'fin': '12:56:01,314'}]"
425,mixJHLLToA2jYLRyM0fI,[],[],[],[],domingo,,"[{'inicio': '14:39:11,971', 'fin': '14:39:33,628'}]"
426,mmvCoTkDlWHppYC8QfsO,[],[],[],"[{'inicio': '14:11:09,474', 'fin': '14:15:04,755'}]",domingo,,[]
427,n9HxRtq7V0yA37FnXnVG,[],[],[],[],domingo,,"[{'inicio': '14:50:48,519', 'fin': '14:51:01,796'}, {'inicio': '14:51:02,265', 'fin': '14:51:12,018'}]"
428,nDHSORM6ucAQrWyXwAVj,[],[],[],[],viernes,,"[{'inicio': '13:03:28,863', 'fin': '13:04:09,788'}]"
429,nGkm4FjVxZRLcmhziQRC,[],[],[],[],sábado,,"[{'inicio': '13:44:32,946', 'fin': '13:44:44,718'}]"
430,nXICLjSiU8WoV5Ws2BZy,"[{'inicio': '15:02:39,287', 'fin': '15:03:51,022'}]",[],[],[],domingo,,[]
431,npuyNfZRaeku7EWzhRsh,[],[],[],[],sábado,,"[{'inicio': '12:20:58,948', 'fin': '12:21:15,301'}]"
432,o3EQxE3EvyOKvOkiPkdt,"[{'inicio': '13:14:23,467', 'fin': '13:14:35,608'}, {'inicio': '13:14:36,372', 'fin': '13:14:40,358'}]",[],[],[],sábado,,[]
433,oVTmkGIOe6SSMPxilpW0,[],[],[],[],domingo,Artesano ,"[{'inicio': '14:48:17,841', 'fin': '14:49:55,210'}]"
434,oZ2ce6zLbu9xmHAHFngQ,[],[],[],[],domingo,,"[{'inicio': '12:51:28,729', 'fin': '12:52:15,885'}, {'inicio': '12:52:17,626', 'fin': '12:52:37,913'}, {'inicio': '12:52:38,666', 'fin': '12:52:58,858'}, {'inicio': '12:53:00,849', 'fin': '12:53:17,044'}]"
435,okZ97eOqm2ZYVtLCvUsx,[],[],[],[],viernes,,"[{'inicio': '14:32:32,924', 'fin': '14:32:57,598'}]"
436,omNISPckHqkhGB4dDeh2,"[{'inicio': '14:54:15,675', 'fin': '14:56:10,535'}]",[],[],[],domingo,2 copas,[]
437,oy4PwxLydXhBtOs1OSfZ,[],[],[],[],viernes,,"[{'inicio': '13:58:17,856', 'fin': '13:58:59,466'}]"
438,p5g6kRAQiqCz5gVTGwzN,[],[],[],[],domingo,,"[{'inicio': '13:53:25,432', 'fin': '13:53:48,111'}, {'inicio': '13:53:48,688', 'fin': '13:54:14,113'}]"
439,p5urVVIPZeQLuJhlO2lz,[],[],[],[],domingo,,"[{'inicio': '12:11:43,325', 'fin': '12:12:04,482'}, {'inicio': '12:12:05,466', 'fin': '12:12:30,228'}]"
440,pGUlpo2fABP0MEelQvOp,[],[],[],[],domingo,,"[{'inicio': '14:06:54,688', 'fin': '14:07:12,255'}]"
441,pUtWNCJCktw4CgcU0Jif,[],[],[],[],viernes,,"[{'inicio': '12:59:28,277', 'fin': '12:59:55,262'}]"
442,pka0qiAVBjTwVxwiTdiy,"[{'inicio': '13:19:25,236', 'fin': '13:20:23,767'}]",[],[],[],domingo,,[]
443,pnflRfU1BTnkgBeJlt7N,[],[],[],[],domingo,,"[{'inicio': '14:38:46,024', 'fin': '14:39:11,509'}]"
444,q2zGN1JFAjvFo4MAfMgI,"[{'inicio': '14:55:02,054', 'fin': '14:55:51,705'}]",[],[],[],domingo,,[]
445,q57LtnOB3L0afTwzFA2B,[],[],[],[],domingo,,"[{'inicio': '13:29:14,733', 'fin': '13:29:30,019'}, {'inicio': '13:29:33,483', 'fin': '13:29:48,350'}, {'inicio': '13:29:49,002', 'fin': '13:30:04,033'}, {'inicio': '13:30:04,523', 'fin': '13:30:27,089'}, {'inicio': '13:30:31,186', 'fin': '13:30:52,251'}]"
446,qULt4EtJNtfbMqjcuHe7,[],"[{'inicio': '13:25:10,179', 'fin': '13:25:48,493'}]",[],[],sábado,,"[{'inicio': '13:25:15,763', 'fin': '13:25:39,618'}]"
447,qaBNeAEDo3bF1J8eBmeC,[],[],[],[],sábado,,"[{'inicio': '13:42:09,060', 'fin': '13:42:26,203'}]"
448,qaXvVR2AEkopqs4fXOZv,[],[],[],[],domingo,,"[{'inicio': '13:25:19,863', 'fin': '13:25:42,930'}]"
449,qt9xmjtiEcCrBC7CWl8u,[],[],[],[],domingo,,"[{'inicio': '14:32:03,056', 'fin': '14:32:17,132'}]"
450,r227Pj2sXuuFO6KZFKjX,[],[],[],[],domingo,,"[{'inicio': '14:15:27,044', 'fin': '14:16:01,573'}, {'inicio': '14:16:02,653', 'fin': '14:16:40,732'}, {'inicio': '14:16:55,047', 'fin': '14:17:24,828'}]"
451,rIKxafOomP7sesvwVmz2,[],[],[],[],domingo,,"[{'inicio': '13:50:42,610', 'fin': '13:51:29,455'}, {'inicio': '13:51:32,077', 'fin': '13:52:07,064'}, {'inicio': '13:52:13,025', 'fin': '13:52:30,993'}, {'inicio': '13:52:32,989', 'fin': '13:52:59,626'}]"
452,rQJfKGLIUBOZMp643CNL,"[{'inicio': '13:05:59,484', 'fin': '13:08:10,308'}]",[],[],[],domingo,,[]
453,rgj7Fr69Z2IXcXBB20Bk,[],[],[],[],domingo,,"[{'inicio': '14:07:54,903', 'fin': '14:08:06,549'}, {'inicio': '14:08:07,207', 'fin': '14:08:23,395'}, {'inicio': '14:08:32,337', 'fin': '14:08:36,974'}, {'inicio': '14:08:44,419', 'fin': '14:09:07,206'}]"
454,rv70iOUDJMtDTrV9iaMP,[],[],[],[],domingo,,"[{'inicio': '12:45:34,704', 'fin': '12:45:54,551'}]"
455,rxRRzaO3XUoLowdN7Flz,[],[],[],[],domingo,,"[{'inicio': '13:01:35,411', 'fin': '13:02:01,132'}, {'inicio': '13:02:02,296', 'fin': '13:02:59,424'}]"
456,ryRZa5D58Mn3obDqL6dK,[],[],"[{'inicio': '12:21:54,356', 'fin': '12:22:08,349'}]",[],sábado,Copa,[]
457,sBkYxIaxHQ9w8mVGD54u,[],"[{'inicio': '14:00:37,893', 'fin': '14:03:04,618'}]",[],[],domingo,,"[{'inicio': '14:00:33,539', 'fin': '14:00:42,545'}, {'inicio': '14:01:10,907', 'fin': '14:01:19,030'}, {'inicio': '14:01:24,659', 'fin': '14:01:33,436'}]"
458,sDQ7VccmCj5FkZxsy6yB,[],[],[],[],viernes,,"[{'inicio': '13:56:49,107', 'fin': '13:57:17,700'}]"
459,sE9tFggSR7HxVRV4V0C8,[],[],"[{'inicio': '14:41:42,694', 'fin': '14:43:50,304'}]",[],domingo,,[]
460,sEwp2jENprmzeBbg0GNd,[],[],[],[],domingo,,"[{'inicio': '14:55:12,302', 'fin': '14:55:37,206'}]"
461,sFtWBIJKoPFwpk7mw90p,[],[],[],[],sábado,,"[{'inicio': '14:01:48,341', 'fin': '14:02:06,663'}]"
462,sMrGtlptPLpNxHrJ0RPa,[],[],[],"[{'inicio': '14:43:55,315', 'fin': '14:52:39,495'}]",domingo,,[]
463,sPYUxFTmlRNf0s1n4xYl,"[{'inicio': '14:52:25,749', 'fin': '14:53:56,693'}]",[],[],[],viernes,,[]
464,sQutigflaS0fYFCBUtTQ,[],[],[],[],viernes,,"[{'inicio': '12:39:27,102', 'fin': '12:40:11,150'}]"
465,shPMY8ZNvbXMy3c66m4x,[],[],"[{'inicio': '13:49:04,382', 'fin': '13:55:25,919'}]",[],domingo,,[]
466,sl4f8DXASDLZBrhycSWm,[],[],[],[],sábado,Artesano,"[{'inicio': '12:56:59,524', 'fin': '12:59:47,703'}]"
467,sp1fqrKuZbO8snZihF5x,[],[],[],[],sábado,,"[{'inicio': '12:50:53,881', 'fin': '12:51:12,866'}]"
468,stC927mlMsVum4uyqM3v,"[{'inicio': '14:02:49,767', 'fin': '14:04:13,401'}]",[],[],[],domingo,4 copas,[]
469,stpBsUHt8jDwUJDP4iK8,[],[],[],[],domingo,,"[{'inicio': '11:55:12,615', 'fin': '11:55:23,400'}, {'inicio': '11:55:25,284', 'fin': '11:55:43,740'}]"
470,syB6juJgxh1bWdhDzio2,[],[],[],[],domingo,,"[{'inicio': '15:09:23,930', 'fin': '15:09:32,266'}, {'inicio': '15:09:32,813', 'fin': '15:09:40,005'}]"
471,szlZ3SmWwrcGJyfOAsMq,[],"[{'inicio': '14:56:00,391', 'fin': '15:00:30,400'}]",[],[],domingo,,[]
472,t2kPu0Wu1XDBIsDBssKZ,[],[],[],[],viernes,,"[{'inicio': '14:42:08,211', 'fin': '14:42:53,955'}, {'inicio': '14:42:55,003', 'fin': '14:43:02,320'}]"
473,t5vULIzT5NmEzzp5UieN,"[{'inicio': '14:12:26,070', 'fin': '14:14:48,009'}]",[],[],[],domingo,2 copas,[]
474,tDG0zXvDAbQnUzwr922x,"[{'inicio': '13:57:31,438', 'fin': '14:00:13,487'}]",[],[],[],domingo,,[]
475,tI6pKccccDcYLeyFewNU,"[{'inicio': '12:05:09,985', 'fin': '12:06:27,055'}]",[],[],[],domingo,,[]
476,tQipmi7VTElCr8g5XSRN,[],[],[],"[{'inicio': '15:06:02,255', 'fin': '15:07:13,615'}]",domingo,,[]
477,tkrlupshoBA0VpfYimIJ,[],[],[],[],viernes,,"[{'inicio': '14:36:52,847', 'fin': '14:37:19,288'}]"
478,u6FsK9KliKlwhPpdRaIG,[],[],[],[],sábado,,"[{'inicio': '13:39:47,724', 'fin': '13:40:07,995'}]"
479,uEdaTJP5ZG77vZt2XKvV,[],[],[],[],domingo,,"[{'inicio': '13:51:12,328', 'fin': '13:51:17,529'}, {'inicio': '13:51:18,074', 'fin': '13:51:23,574'}]"
480,uLUDirDBozMenaCyesRk,[],[],[],[],domingo,,"[{'inicio': '13:20:14,106', 'fin': '13:20:16,787'}]"
481,uLza7KAKVzzRTOURMydi,[],[],"[{'inicio': '13:29:12,531', 'fin': '13:30:59,976'}]",[],sábado,,[]
482,uNXYw9MV1AkUHDMELGBk,[],[],[],[],viernes,,"[{'inicio': '13:15:34,184', 'fin': '13:15:50,842'}]"
483,uniQjmiabNlhi3X9vmHN,[],[],[],[],domingo,,"[{'inicio': '13:20:08,895', 'fin': '13:20:14,227'}, {'inicio': '13:20:17,161', 'fin': '13:20:40,008'}, {'inicio': '13:20:40,964', 'fin': '13:20:53,097'}, {'inicio': '13:20:54,170', 'fin': '13:21:14,239'}, {'inicio': '13:21:16,408', 'fin': '13:21:21,823'}]"
484,upTD4p3TF5fONKDyBHdA,[],[],[],[],domingo,,"[{'inicio': '14:55:10,307', 'fin': '14:55:17,227'}, {'inicio': '14:55:17,904', 'fin': '14:55:34,880'}]"
485,v1g4xozy3fPeSRbhkoEw,[],[],[],[],sábado,,"[{'inicio': '13:45:52,178', 'fin': '13:46:00,266'}, {'inicio': '13:46:00,907', 'fin': '13:46:07,418'}, {'inicio': '13:46:08,525', 'fin': '13:46:53,066'}, {'inicio': '13:46:53,615', 'fin': '13:46:58,706'}]"
486,v9SRVyZNb745BqJEpPwO,[],[],[],[],domingo,,"[{'inicio': '15:09:14,030', 'fin': '15:09:28,429'}]"
487,vSujhmABGhz6kpuKTo2I,[],"[{'inicio': '14:10:46,380', 'fin': '14:16:38,566'}]",[],[],sábado,,[]
488,vg636UDENmRY5Nts1e57,[],[],[],[],domingo,,"[{'inicio': '13:20:42,757', 'fin': '13:20:45,600'}, {'inicio': '13:21:05,943', 'fin': '13:21:13,821'}, {'inicio': '13:21:28,242', 'fin': '13:21:36,645'}, {'inicio': '13:21:37,143', 'fin': '13:21:42,709'}]"
489,vouMWJjov4xSLunZ2tQy,[],[],[],[],viernes,,"[{'inicio': '14:18:05,580', 'fin': '14:18:47,827'}]"
490,vyOdnzLfCH8iRPHMg1Xi,[],[],"[{'inicio': '14:21:33,391', 'fin': '14:24:42,070'}]",[],domingo,,"[{'inicio': '14:20:30,184', 'fin': '14:20:45,511'}]"
491,vzZM3tKoYahtiOCbRlhJ,[],[],[],[],viernes,,"[{'inicio': '13:50:49,809', 'fin': '13:51:37,987'}]"
492,wDanDIhBtjD9souEsh2J,[],[],[],[],domingo,,"[{'inicio': '11:51:20,390', 'fin': '11:51:28,044'}, {'inicio': '11:51:29,193', 'fin': '11:51:34,731'}]"
493,wEYN6WJXYy9Ib0KlCoaZ,[],[],"[{'inicio': '14:10:11,006', 'fin': '14:12:09,301'}]",[],sábado,,[]
494,wEsly3ixI4ylZGqQLHM3,[],[],[],[],domingo,,"[{'inicio': '14:57:47,576', 'fin': '14:58:17,685'}, {'inicio': '14:58:22,807', 'fin': '14:58:49,044'}]"
495,wN0VlNoKyzfOGpJmdrd8,[],[],[],[],viernes,,"[{'inicio': '14:09:57,560', 'fin': '14:10:48,381'}]"
496,wVPuJl3jP7Rj5jTQ1awH,[],[],[],[],domingo,,"[{'inicio': '14:20:59,503', 'fin': '14:21:19,345'}, {'inicio': '14:21:20,304', 'fin': '14:21:28,941'}, {'inicio': '14:21:29,541', 'fin': '14:21:51,418'}]"
497,wWLdRNM4UTCpXco7BL8b,[],[],[],[],viernes,,"[{'inicio': '14:26:53,775', 'fin': '14:27:10,067'}]"
498,wi0lGdNyidA8LREWle7B,[],[],"[{'inicio': '13:10:05,468', 'fin': '13:10:42,353'}]",[],domingo,,[]
499,wkc2927PY97vK7ybVWZL,[],[],[],[],sábado,,"[{'inicio': '14:11:11,784', 'fin': '14:11:25,616'}]"
500,x4lh96LWfbA4No47D4dI,"[{'inicio': '14:31:55,557', 'fin': '14:32:38,379'}]",[],[],[],sábado,,[]
501,xCZWRYrocANGxQQ7b3z7,[],"[{'inicio': '12:16:05,233', 'fin': '12:21:05,050'}]",[],[],sábado,,[]
502,xMOeKkJckpvAzjTOc5WF,[],[],[],[],viernes,,"[{'inicio': '13:16:46,382', 'fin': '13:17:24,910'}]"
503,xbzOIaqlbj9QbLHk7XNU,[],[],[],[],domingo,,"[{'inicio': '13:40:22,382', 'fin': '13:40:36,369'}, {'inicio': '13:40:37,263', 'fin': '13:40:56,912'}]"
504,xf8xtZTuZYOaDg5cj1oQ,[],[],[],[],sábado,,"[{'inicio': '14:26:09,614', 'fin': '14:26:36,254'}]"
505,xoJabsKrX41F3jq5dpfT,"[{'inicio': '14:39:04,056', 'fin': '14:42:47,587'}]",[],[],[],domingo,Dos copas ,"[{'inicio': '14:42:48,018', 'fin': '14:42:57,309'}]"
506,xqjbYjA100UxRYm9HYe5,[],[],[],[],domingo,,"[{'inicio': '13:49:14,347', 'fin': '13:49:37,069'}]"
507,y8KqoxkaMETBpDuYs4AR,"[{'inicio': '14:27:35,834', 'fin': '14:29:13,007'}]",[],[],[],domingo,,[]
508,yRbK1hiT1yBczEDy0fZ7,[],[],[],[],viernes,,"[{'inicio': '12:52:21,374', 'fin': '12:54:17,117'}]"
509,yUSsUpOI3jgGqPcVCXol,[],[],"[{'inicio': '14:44:37,031', 'fin': '14:47:21,598'}]",[],domingo,,[]
510,yYwy8e008cKPyfPySgYr,[],[],[],[],domingo,,"[{'inicio': '14:56:35,554', 'fin': '14:56:48,869'}, {'inicio': '14:56:49,784', 'fin': '14:57:31,348'}]"
511,yn8bOtlbbWfcYUvezL5M,[],[],[],"[{'inicio': '12:29:22,776', 'fin': '12:35:28,291'}, {'inicio': '12:35:29,327', 'fin': '12:38:51,202'}]",domingo,,[]
512,yr9C14OhL0YgqV9cevAr,[],[],"[{'inicio': '13:22:31,938', 'fin': '13:24:35,698'}]",[],sábado,,[]
513,z141YeikyrplkrOxbV0i,[],[],[],[],domingo,,"[{'inicio': '13:00:21,647', 'fin': '13:01:07,437'}]"
514,z8ot0y3Wv9wI670o8wPn,[],[],[],[],domingo,,"[{'inicio': '13:42:37,877', 'fin': '13:42:40,879'}, {'inicio': '13:42:47,032', 'fin': '13:42:50,694'}, {'inicio': '13:45:32,697', 'fin': '13:45:37,214'}]"
515,zE9YhYEf2caIkbXHem6U,[],[],"[{'inicio': '14:44:43,805', 'fin': '14:47:23,742'}]",[],domingo,,[]
516,zFpkGFl6AXO5ggfGJx3b,[],[],"[{'inicio': '13:34:40,166', 'fin': '13:35:29,514'}]",[],domingo,,[]
517,zddP2PlHlbDq3gwaZxiG,[],[],"[{'inicio': '14:17:15,822', 'fin': '14:19:35,585'}, {'inicio': '14:19:36,958', 'fin': '14:20:01,092'}]",[],domingo,,[]
518,zgt9I87HJHSjsb6oXF7x,[],[],[],[],domingo,,"[{'inicio': '12:43:41,755', 'fin': '12:44:06,924'}, {'inicio': '12:44:13,637', 'fin': '12:44:18,451'}, {'inicio': '12:44:23,598', 'fin': '12:44:49,366'}, {'inicio': '12:44:51,942', 'fin': '12:45:21,724'}]"
519,zlU7EoYqmxxkrHHz2tcM,[],[],"[{'inicio': '13:26:07,460', 'fin': '13:27:22,793'}]",[],domingo,,[]
520,zqy4MfZxlRdI51u9V8lC,[],[],[],[],domingo,,"[{'inicio': '14:20:05,375', 'fin': '14:20:24,932'}]"
521,ztOsJ1Vzd7Z6NLAXZAb0,[],[],[],[],sábado,,"[{'inicio': '14:30:12,471', 'fin': '14:30:31,809'}]"
522,zveavgvE9vAFkJqtfdVR,[],[],[],[],domingo,,"[{'inicio': '13:24:50,635', 'fin': '13:25:23,396'}, {'inicio': '13:25:29,015', 'fin': '13:26:15,138'}, {'inicio': '13:26:15,573', 'fin': '13:26:45,128'}]"
523,zxQb72zK2RY1RQPC0Zlz,[],[],[],[],viernes,,"[{'inicio': '15:00:18,570', 'fin': '15:01:21,758'}]"
524,zzhuYPcjJ7uI5KNiCCMt,"[{'inicio': '13:27:33,586', 'fin': '13:29:11,342'}]",[],[],[],domingo,,[]
